,備轉容量(MW) - MODIFIED.csv - (+1),備轉容量(MW) - MODIFIED.csv - (+2),備轉容量(MW) - MODIFIED.csv - (+3),備轉容量(MW) - MODIFIED.csv - (+4),備轉容量(MW) - MODIFIED.csv - (+5),備轉容量(MW) - MODIFIED.csv - (+6),備轉容量(MW) - MODIFIED.csv - (+7)
2020-01-11,3091.0,3157.0,3412.0,3386.0,3005.0,3399.0,3160.0
2020-01-12,3157.0,3412.0,3386.0,3005.0,3399.0,3160.0,3334.0
2020-01-13,3412.0,3386.0,3005.0,3399.0,3160.0,3334.0,3183.0
2020-01-14,3386.0,3005.0,3399.0,3160.0,3334.0,3183.0,3259.0
2020-01-15,3005.0,3399.0,3160.0,3334.0,3183.0,3259.0,3887.0
2020-01-16,3399.0,3160.0,3334.0,3183.0,3259.0,3887.0,3344.0
2020-01-17,3160.0,3334.0,3183.0,3259.0,3887.0,3344.0,3483.0
2020-01-18,3334.0,3183.0,3259.0,3887.0,3344.0,3483.0,3551.0
2020-01-19,3183.0,3259.0,3887.0,3344.0,3483.0,3551.0,3528.0
2020-01-20,3259.0,3887.0,3344.0,3483.0,3551.0,3528.0,3704.0
2020-01-21,3887.0,3344.0,3483.0,3551.0,3528.0,3704.0,3653.0
2020-01-22,3344.0,3483.0,3551.0,3528.0,3704.0,3653.0,3304.0
2020-01-23,3483.0,3551.0,3528.0,3704.0,3653.0,3304.0,2991.0
2020-01-24,3551.0,3528.0,3704.0,3653.0,3304.0,2991.0,3361.0
2020-01-25,3528.0,3704.0,3653.0,3304.0,2991.0,3361.0,3890.0
2020-01-26,3704.0,3653.0,3304.0,2991.0,3361.0,3890.0,3247.0
2020-01-27,3653.0,3304.0,2991.0,3361.0,3890.0,3247.0,4088.0
2020-01-28,3304.0,2991.0,3361.0,3890.0,3247.0,4088.0,3302.0
2020-01-29,2991.0,3361.0,3890.0,3247.0,4088.0,3302.0,3643.0
2020-01-30,3361.0,3890.0,3247.0,4088.0,3302.0,3643.0,3347.0
2020-01-31,3890.0,3247.0,4088.0,3302.0,3643.0,3347.0,3767.0
2020-02-01,3247.0,4088.0,3302.0,3643.0,3347.0,3767.0,3660.0
2020-02-02,4088.0,3302.0,3643.0,3347.0,3767.0,3660.0,3084.0
2020-02-03,3302.0,3643.0,3347.0,3767.0,3660.0,3084.0,3146.0
2020-02-04,3643.0,3347.0,3767.0,3660.0,3084.0,3146.0,3219.0
2020-02-05,3347.0,3767.0,3660.0,3084.0,3146.0,3219.0,3348.0
2020-02-06,3767.0,3660.0,3084.0,3146.0,3219.0,3348.0,3246.0
2020-02-07,3660.0,3084.0,3146.0,3219.0,3348.0,3246.0,3123.0
2020-02-08,3084.0,3146.0,3219.0,3348.0,3246.0,3123.0,2996.0
2020-02-09,3146.0,3219.0,3348.0,3246.0,3123.0,2996.0,3985.0
2020-02-10,3219.0,3348.0,3246.0,3123.0,2996.0,3985.0,3744.0
2020-02-11,3348.0,3246.0,3123.0,2996.0,3985.0,3744.0,4249.0
2020-02-12,3246.0,3123.0,2996.0,3985.0,3744.0,4249.0,3564.0
2020-02-13,3123.0,2996.0,3985.0,3744.0,4249.0,3564.0,3132.0
2020-02-14,2996.0,3985.0,3744.0,4249.0,3564.0,3132.0,3138.0
2020-02-15,3985.0,3744.0,4249.0,3564.0,3132.0,3138.0,3674.0
2020-02-16,3744.0,4249.0,3564.0,3132.0,3138.0,3674.0,3739.0
2020-02-17,4249.0,3564.0,3132.0,3138.0,3674.0,3739.0,3010.0
2020-02-18,3564.0,3132.0,3138.0,3674.0,3739.0,3010.0,3124.0
2020-02-19,3132.0,3138.0,3674.0,3739.0,3010.0,3124.0,3167.0
2020-02-20,3138.0,3674.0,3739.0,3010.0,3124.0,3167.0,4253.0
2020-02-21,3674.0,3739.0,3010.0,3124.0,3167.0,4253.0,3286.0
2020-02-22,3739.0,3010.0,3124.0,3167.0,4253.0,3286.0,2806.0
2020-02-23,3010.0,3124.0,3167.0,4253.0,3286.0,2806.0,3321.0
2020-02-24,3124.0,3167.0,4253.0,3286.0,2806.0,3321.0,3295.0
2020-02-25,3167.0,4253.0,3286.0,2806.0,3321.0,3295.0,3106.0
2020-02-26,4253.0,3286.0,2806.0,3321.0,3295.0,3106.0,3758.0
2020-02-27,3286.0,2806.0,3321.0,3295.0,3106.0,3758.0,3518.0
2020-02-28,2806.0,3321.0,3295.0,3106.0,3758.0,3518.0,3179.0
2020-02-29,3321.0,3295.0,3106.0,3758.0,3518.0,3179.0,3712.0
2020-03-01,3295.0,3106.0,3758.0,3518.0,3179.0,3712.0,3379.0
2020-03-02,3106.0,3758.0,3518.0,3179.0,3712.0,3379.0,3209.0
2020-03-03,3758.0,3518.0,3179.0,3712.0,3379.0,3209.0,3931.0
2020-03-04,3518.0,3179.0,3712.0,3379.0,3209.0,3931.0,3255.0
2020-03-05,3179.0,3712.0,3379.0,3209.0,3931.0,3255.0,3002.0
2020-03-06,3712.0,3379.0,3209.0,3931.0,3255.0,3002.0,3098.0
2020-03-07,3379.0,3209.0,3931.0,3255.0,3002.0,3098.0,3826.0
2020-03-08,3209.0,3931.0,3255.0,3002.0,3098.0,3826.0,3493.0
2020-03-09,3931.0,3255.0,3002.0,3098.0,3826.0,3493.0,4820.0
2020-03-10,3255.0,3002.0,3098.0,3826.0,3493.0,4820.0,4143.0
2020-03-11,3002.0,3098.0,3826.0,3493.0,4820.0,4143.0,4153.0
2020-03-12,3098.0,3826.0,3493.0,4820.0,4143.0,4153.0,3085.0
2020-03-13,3826.0,3493.0,4820.0,4143.0,4153.0,3085.0,3700.0
2020-03-14,3493.0,4820.0,4143.0,4153.0,3085.0,3700.0,3020.0
2020-03-15,4820.0,4143.0,4153.0,3085.0,3700.0,3020.0,3086.0
2020-03-16,4143.0,4153.0,3085.0,3700.0,3020.0,3086.0,3771.0
2020-03-17,4153.0,3085.0,3700.0,3020.0,3086.0,3771.0,4125.0
2020-03-18,3085.0,3700.0,3020.0,3086.0,3771.0,4125.0,3577.0
2020-03-19,3700.0,3020.0,3086.0,3771.0,4125.0,3577.0,3187.0
2020-03-20,3020.0,3086.0,3771.0,4125.0,3577.0,3187.0,3264.0
2020-03-21,3086.0,3771.0,4125.0,3577.0,3187.0,3264.0,4066.0
2020-03-22,3771.0,4125.0,3577.0,3187.0,3264.0,4066.0,3489.0
2020-03-23,4125.0,3577.0,3187.0,3264.0,4066.0,3489.0,3508.0
2020-03-24,3577.0,3187.0,3264.0,4066.0,3489.0,3508.0,3322.0
2020-03-25,3187.0,3264.0,4066.0,3489.0,3508.0,3322.0,4095.0
2020-03-26,3264.0,4066.0,3489.0,3508.0,3322.0,4095.0,4108.0
2020-03-27,4066.0,3489.0,3508.0,3322.0,4095.0,4108.0,3749.0
2020-03-28,3489.0,3508.0,3322.0,4095.0,4108.0,3749.0,4414.0
2020-03-29,3508.0,3322.0,4095.0,4108.0,3749.0,4414.0,4249.0
2020-03-30,3322.0,4095.0,4108.0,3749.0,4414.0,4249.0,4054.0
2020-03-31,4095.0,4108.0,3749.0,4414.0,4249.0,4054.0,4037.0
2020-04-01,4108.0,3749.0,4414.0,4249.0,4054.0,4037.0,3364.0
2020-04-02,3749.0,4414.0,4249.0,4054.0,4037.0,3364.0,3678.0
2020-04-03,4414.0,4249.0,4054.0,4037.0,3364.0,3678.0,4650.0
2020-04-04,4249.0,4054.0,4037.0,3364.0,3678.0,4650.0,3179.0
2020-04-05,4054.0,4037.0,3364.0,3678.0,4650.0,3179.0,2809.0
2020-04-06,4037.0,3364.0,3678.0,4650.0,3179.0,2809.0,3328.0
2020-04-07,3364.0,3678.0,4650.0,3179.0,2809.0,3328.0,3563.0
2020-04-08,3678.0,4650.0,3179.0,2809.0,3328.0,3563.0,3497.0
2020-04-09,4650.0,3179.0,2809.0,3328.0,3563.0,3497.0,3144.0
2020-04-10,3179.0,2809.0,3328.0,3563.0,3497.0,3144.0,3609.0
2020-04-11,2809.0,3328.0,3563.0,3497.0,3144.0,3609.0,3489.0
2020-04-12,3328.0,3563.0,3497.0,3144.0,3609.0,3489.0,3028.0
2020-04-13,3563.0,3497.0,3144.0,3609.0,3489.0,3028.0,4091.0
2020-04-14,3497.0,3144.0,3609.0,3489.0,3028.0,4091.0,4376.0
2020-04-15,3144.0,3609.0,3489.0,3028.0,4091.0,4376.0,4031.0
2020-04-16,3609.0,3489.0,3028.0,4091.0,4376.0,4031.0,3948.0
2020-04-17,3489.0,3028.0,4091.0,4376.0,4031.0,3948.0,3948.0
2020-04-18,3028.0,4091.0,4376.0,4031.0,3948.0,3948.0,3166.0
2020-04-19,4091.0,4376.0,4031.0,3948.0,3948.0,3166.0,3120.0
2020-04-20,4376.0,4031.0,3948.0,3948.0,3166.0,3120.0,3810.0
2020-04-21,4031.0,3948.0,3948.0,3166.0,3120.0,3810.0,4687.0
2020-04-22,3948.0,3948.0,3166.0,3120.0,3810.0,4687.0,3346.0
2020-04-23,3948.0,3166.0,3120.0,3810.0,4687.0,3346.0,4864.0
2020-04-24,3166.0,3120.0,3810.0,4687.0,3346.0,4864.0,3512.0
2020-04-25,3120.0,3810.0,4687.0,3346.0,4864.0,3512.0,3414.0
2020-04-26,3810.0,4687.0,3346.0,4864.0,3512.0,3414.0,2967.0
2020-04-27,4687.0,3346.0,4864.0,3512.0,3414.0,2967.0,3476.0
2020-04-28,3346.0,4864.0,3512.0,3414.0,2967.0,3476.0,3400.0
2020-04-29,4864.0,3512.0,3414.0,2967.0,3476.0,3400.0,3426.0
2020-04-30,3512.0,3414.0,2967.0,3476.0,3400.0,3426.0,3736.0
2020-05-01,3414.0,2967.0,3476.0,3400.0,3426.0,3736.0,3414.0
2020-05-02,2967.0,3476.0,3400.0,3426.0,3736.0,3414.0,3823.0
2020-05-03,3476.0,3400.0,3426.0,3736.0,3414.0,3823.0,3015.0
2020-05-04,3400.0,3426.0,3736.0,3414.0,3823.0,3015.0,3350.0
2020-05-05,3426.0,3736.0,3414.0,3823.0,3015.0,3350.0,3766.0
2020-05-06,3736.0,3414.0,3823.0,3015.0,3350.0,3766.0,4199.0
2020-05-07,3414.0,3823.0,3015.0,3350.0,3766.0,4199.0,3382.0
2020-05-08,3823.0,3015.0,3350.0,3766.0,4199.0,3382.0,3622.0
2020-05-09,3015.0,3350.0,3766.0,4199.0,3382.0,3622.0,3947.0
2020-05-10,3350.0,3766.0,4199.0,3382.0,3622.0,3947.0,4241.0
2020-05-11,3766.0,4199.0,3382.0,3622.0,3947.0,4241.0,4085.0
2020-05-12,4199.0,3382.0,3622.0,3947.0,4241.0,4085.0,4626.0
2020-05-13,3382.0,3622.0,3947.0,4241.0,4085.0,4626.0,4951.0
2020-05-14,3622.0,3947.0,4241.0,4085.0,4626.0,4951.0,3983.0
2020-05-15,3947.0,4241.0,4085.0,4626.0,4951.0,3983.0,3675.0
2020-05-16,4241.0,4085.0,4626.0,4951.0,3983.0,3675.0,4061.0
2020-05-17,4085.0,4626.0,4951.0,3983.0,3675.0,4061.0,4289.0
2020-05-18,4626.0,4951.0,3983.0,3675.0,4061.0,4289.0,3942.0
2020-05-19,4951.0,3983.0,3675.0,4061.0,4289.0,3942.0,3563.0
2020-05-20,3983.0,3675.0,4061.0,4289.0,3942.0,3563.0,4932.0
2020-05-21,3675.0,4061.0,4289.0,3942.0,3563.0,4932.0,5261.0
2020-05-22,4061.0,4289.0,3942.0,3563.0,4932.0,5261.0,4098.0
2020-05-23,4289.0,3942.0,3563.0,4932.0,5261.0,4098.0,4186.0
2020-05-24,3942.0,3563.0,4932.0,5261.0,4098.0,4186.0,3430.0
2020-05-25,3563.0,4932.0,5261.0,4098.0,4186.0,3430.0,3633.0
2020-05-26,4932.0,5261.0,4098.0,4186.0,3430.0,3633.0,4071.0
2020-05-27,5261.0,4098.0,4186.0,3430.0,3633.0,4071.0,4163.0
2020-05-28,4098.0,4186.0,3430.0,3633.0,4071.0,4163.0,3754.0
2020-05-29,4186.0,3430.0,3633.0,4071.0,4163.0,3754.0,3682.0
2020-05-30,3430.0,3633.0,4071.0,4163.0,3754.0,3682.0,4240.0
2020-05-31,3633.0,4071.0,4163.0,3754.0,3682.0,4240.0,4535.0
2020-06-01,4071.0,4163.0,3754.0,3682.0,4240.0,4535.0,4580.0
2020-06-02,4163.0,3754.0,3682.0,4240.0,4535.0,4580.0,4515.0
2020-06-03,3754.0,3682.0,4240.0,4535.0,4580.0,4515.0,4367.0
2020-06-04,3682.0,4240.0,4535.0,4580.0,4515.0,4367.0,3986.0
2020-06-05,4240.0,4535.0,4580.0,4515.0,4367.0,3986.0,3586.0
2020-06-06,4535.0,4580.0,4515.0,4367.0,3986.0,3586.0,3764.0
2020-06-07,4580.0,4515.0,4367.0,3986.0,3586.0,3764.0,4572.0
2020-06-08,4515.0,4367.0,3986.0,3586.0,3764.0,4572.0,5033.0
2020-06-09,4367.0,3986.0,3586.0,3764.0,4572.0,5033.0,4022.0
2020-06-10,3986.0,3586.0,3764.0,4572.0,5033.0,4022.0,3975.0
2020-06-11,3586.0,3764.0,4572.0,5033.0,4022.0,3975.0,4191.0
2020-06-12,3764.0,4572.0,5033.0,4022.0,3975.0,4191.0,3862.0
2020-06-13,4572.0,5033.0,4022.0,3975.0,4191.0,3862.0,3675.0
2020-06-14,5033.0,4022.0,3975.0,4191.0,3862.0,3675.0,3484.0
2020-06-15,4022.0,3975.0,4191.0,3862.0,3675.0,3484.0,3849.0
2020-06-16,3975.0,4191.0,3862.0,3675.0,3484.0,3849.0,3768.0
2020-06-17,4191.0,3862.0,3675.0,3484.0,3849.0,3768.0,4086.0
2020-06-18,3862.0,3675.0,3484.0,3849.0,3768.0,4086.0,3379.0
2020-06-19,3675.0,3484.0,3849.0,3768.0,4086.0,3379.0,3907.0
2020-06-20,3484.0,3849.0,3768.0,4086.0,3379.0,3907.0,3620.0
2020-06-21,3849.0,3768.0,4086.0,3379.0,3907.0,3620.0,3412.0
2020-06-22,3768.0,4086.0,3379.0,3907.0,3620.0,3412.0,4013.0
2020-06-23,4086.0,3379.0,3907.0,3620.0,3412.0,4013.0,4646.0
2020-06-24,3379.0,3907.0,3620.0,3412.0,4013.0,4646.0,4029.0
2020-06-25,3907.0,3620.0,3412.0,4013.0,4646.0,4029.0,4458.0
2020-06-26,3620.0,3412.0,4013.0,4646.0,4029.0,4458.0,4131.0
2020-06-27,3412.0,4013.0,4646.0,4029.0,4458.0,4131.0,4287.0
2020-06-28,4013.0,4646.0,4029.0,4458.0,4131.0,4287.0,3475.0
2020-06-29,4646.0,4029.0,4458.0,4131.0,4287.0,3475.0,5016.0
2020-06-30,4029.0,4458.0,4131.0,4287.0,3475.0,5016.0,4610.0
2020-07-01,4458.0,4131.0,4287.0,3475.0,5016.0,4610.0,4315.0
2020-07-02,4131.0,4287.0,3475.0,5016.0,4610.0,4315.0,4367.0
2020-07-03,4287.0,3475.0,5016.0,4610.0,4315.0,4367.0,4379.0
2020-07-04,3475.0,5016.0,4610.0,4315.0,4367.0,4379.0,3671.0
2020-07-05,5016.0,4610.0,4315.0,4367.0,4379.0,3671.0,3518.0
2020-07-06,4610.0,4315.0,4367.0,4379.0,3671.0,3518.0,3974.0
2020-07-07,4315.0,4367.0,4379.0,3671.0,3518.0,3974.0,3924.0
2020-07-08,4367.0,4379.0,3671.0,3518.0,3974.0,3924.0,4210.0
2020-07-09,4379.0,3671.0,3518.0,3974.0,3924.0,4210.0,5085.0
2020-07-10,3671.0,3518.0,3974.0,3924.0,4210.0,5085.0,4256.0
2020-07-11,3518.0,3974.0,3924.0,4210.0,5085.0,4256.0,4321.0
2020-07-12,3974.0,3924.0,4210.0,5085.0,4256.0,4321.0,4128.0
2020-07-13,3924.0,4210.0,5085.0,4256.0,4321.0,4128.0,4268.0
2020-07-14,4210.0,5085.0,4256.0,4321.0,4128.0,4268.0,5133.0
2020-07-15,5085.0,4256.0,4321.0,4128.0,4268.0,5133.0,4266.0
2020-07-16,4256.0,4321.0,4128.0,4268.0,5133.0,4266.0,3848.0
2020-07-17,4321.0,4128.0,4268.0,5133.0,4266.0,3848.0,4129.0
2020-07-18,4128.0,4268.0,5133.0,4266.0,3848.0,4129.0,4697.0
2020-07-19,4268.0,5133.0,4266.0,3848.0,4129.0,4697.0,4718.0
2020-07-20,5133.0,4266.0,3848.0,4129.0,4697.0,4718.0,4565.0
2020-07-21,4266.0,3848.0,4129.0,4697.0,4718.0,4565.0,4530.0
2020-07-22,3848.0,4129.0,4697.0,4718.0,4565.0,4530.0,4845.0
2020-07-23,4129.0,4697.0,4718.0,4565.0,4530.0,4845.0,5460.0
2020-07-24,4697.0,4718.0,4565.0,4530.0,4845.0,5460.0,4138.0
2020-07-25,4718.0,4565.0,4530.0,4845.0,5460.0,4138.0,4121.0
2020-07-26,4565.0,4530.0,4845.0,5460.0,4138.0,4121.0,3810.0
2020-07-27,4530.0,4845.0,5460.0,4138.0,4121.0,3810.0,4898.0
2020-07-28,4845.0,5460.0,4138.0,4121.0,3810.0,4898.0,4353.0
2020-07-29,5460.0,4138.0,4121.0,3810.0,4898.0,4353.0,4387.0
2020-07-30,4138.0,4121.0,3810.0,4898.0,4353.0,4387.0,3853.0
2020-07-31,4121.0,3810.0,4898.0,4353.0,4387.0,3853.0,3860.0
2020-08-01,3810.0,4898.0,4353.0,4387.0,3853.0,3860.0,3871.0
2020-08-02,4898.0,4353.0,4387.0,3853.0,3860.0,3871.0,3187.0
2020-08-03,4353.0,4387.0,3853.0,3860.0,3871.0,3187.0,3726.0
2020-08-04,4387.0,3853.0,3860.0,3871.0,3187.0,3726.0,4384.0
2020-08-05,3853.0,3860.0,3871.0,3187.0,3726.0,4384.0,4270.0
2020-08-06,3860.0,3871.0,3187.0,3726.0,4384.0,4270.0,4651.0
2020-08-07,3871.0,3187.0,3726.0,4384.0,4270.0,4651.0,5022.0
2020-08-08,3187.0,3726.0,4384.0,4270.0,4651.0,5022.0,4941.0
2020-08-09,3726.0,4384.0,4270.0,4651.0,5022.0,4941.0,4622.0
2020-08-10,4384.0,4270.0,4651.0,5022.0,4941.0,4622.0,4585.0
2020-08-11,4270.0,4651.0,5022.0,4941.0,4622.0,4585.0,4236.0
2020-08-12,4651.0,5022.0,4941.0,4622.0,4585.0,4236.0,3869.0
2020-08-13,5022.0,4941.0,4622.0,4585.0,4236.0,3869.0,4384.0
2020-08-14,4941.0,4622.0,4585.0,4236.0,3869.0,4384.0,3862.0
2020-08-15,4622.0,4585.0,4236.0,3869.0,4384.0,3862.0,3398.0
2020-08-16,4585.0,4236.0,3869.0,4384.0,3862.0,3398.0,3297.0
2020-08-17,4236.0,3869.0,4384.0,3862.0,3398.0,3297.0,3695.0
2020-08-18,3869.0,4384.0,3862.0,3398.0,3297.0,3695.0,3812.0
2020-08-19,4384.0,3862.0,3398.0,3297.0,3695.0,3812.0,3796.0
2020-08-20,3862.0,3398.0,3297.0,3695.0,3812.0,3796.0,4545.0
2020-08-21,3398.0,3297.0,3695.0,3812.0,3796.0,4545.0,4272.0
2020-08-22,3297.0,3695.0,3812.0,3796.0,4545.0,4272.0,4174.0
2020-08-23,3695.0,3812.0,3796.0,4545.0,4272.0,4174.0,4086.0
2020-08-24,3812.0,3796.0,4545.0,4272.0,4174.0,4086.0,4719.0
2020-08-25,3796.0,4545.0,4272.0,4174.0,4086.0,4719.0,4478.0
2020-08-26,4545.0,4272.0,4174.0,4086.0,4719.0,4478.0,3868.0
2020-08-27,4272.0,4174.0,4086.0,4719.0,4478.0,3868.0,4811.0
2020-08-28,4174.0,4086.0,4719.0,4478.0,3868.0,4811.0,4870.0
2020-08-29,4086.0,4719.0,4478.0,3868.0,4811.0,4870.0,3922.0
2020-08-30,4719.0,4478.0,3868.0,4811.0,4870.0,3922.0,3873.0
2020-08-31,4478.0,3868.0,4811.0,4870.0,3922.0,3873.0,4362.0
2020-09-01,3868.0,4811.0,4870.0,3922.0,3873.0,4362.0,4155.0
2020-09-02,4811.0,4870.0,3922.0,3873.0,4362.0,4155.0,4176.0
2020-09-03,4870.0,3922.0,3873.0,4362.0,4155.0,4176.0,4255.0
2020-09-04,3922.0,3873.0,4362.0,4155.0,4176.0,4255.0,4084.0
2020-09-05,3873.0,4362.0,4155.0,4176.0,4255.0,4084.0,3383.0
2020-09-06,4362.0,4155.0,4176.0,4255.0,4084.0,3383.0,3024.0
2020-09-07,4155.0,4176.0,4255.0,4084.0,3383.0,3024.0,3718.0
2020-09-08,4176.0,4255.0,4084.0,3383.0,3024.0,3718.0,3725.0
2020-09-09,4255.0,4084.0,3383.0,3024.0,3718.0,3725.0,3733.0
2020-09-10,4084.0,3383.0,3024.0,3718.0,3725.0,3733.0,3724.0
2020-09-11,3383.0,3024.0,3718.0,3725.0,3733.0,3724.0,3729.0
2020-09-12,3024.0,3718.0,3725.0,3733.0,3724.0,3729.0,3317.0
2020-09-13,3718.0,3725.0,3733.0,3724.0,3729.0,3317.0,3885.0
2020-09-14,3725.0,3733.0,3724.0,3729.0,3317.0,3885.0,4562.0
2020-09-15,3733.0,3724.0,3729.0,3317.0,3885.0,4562.0,5125.0
2020-09-16,3724.0,3729.0,3317.0,3885.0,4562.0,5125.0,4772.0
2020-09-17,3729.0,3317.0,3885.0,4562.0,5125.0,4772.0,5434.0
2020-09-18,3317.0,3885.0,4562.0,5125.0,4772.0,5434.0,5274.0
2020-09-19,3885.0,4562.0,5125.0,4772.0,5434.0,5274.0,4547.0
2020-09-20,4562.0,5125.0,4772.0,5434.0,5274.0,4547.0,4489.0
2020-09-21,5125.0,4772.0,5434.0,5274.0,4547.0,4489.0,4555.0
2020-09-22,4772.0,5434.0,5274.0,4547.0,4489.0,4555.0,4259.0
2020-09-23,5434.0,5274.0,4547.0,4489.0,4555.0,4259.0,5285.0
2020-09-24,5274.0,4547.0,4489.0,4555.0,4259.0,5285.0,4645.0
2020-09-25,4547.0,4489.0,4555.0,4259.0,5285.0,4645.0,3460.0
2020-09-26,4489.0,4555.0,4259.0,5285.0,4645.0,3460.0,3418.0
2020-09-27,4555.0,4259.0,5285.0,4645.0,3460.0,3418.0,3591.0
2020-09-28,4259.0,5285.0,4645.0,3460.0,3418.0,3591.0,4539.0
2020-09-29,5285.0,4645.0,3460.0,3418.0,3591.0,4539.0,4239.0
2020-09-30,4645.0,3460.0,3418.0,3591.0,4539.0,4239.0,4100.0
2020-10-01,3460.0,3418.0,3591.0,4539.0,4239.0,4100.0,4718.0
2020-10-02,3418.0,3591.0,4539.0,4239.0,4100.0,4718.0,4310.0
2020-10-03,3591.0,4539.0,4239.0,4100.0,4718.0,4310.0,3295.0
2020-10-04,4539.0,4239.0,4100.0,4718.0,4310.0,3295.0,3088.0
2020-10-05,4239.0,4100.0,4718.0,4310.0,3295.0,3088.0,3361.0
2020-10-06,4100.0,4718.0,4310.0,3295.0,3088.0,3361.0,3465.0
2020-10-07,4718.0,4310.0,3295.0,3088.0,3361.0,3465.0,3992.0
2020-10-08,4310.0,3295.0,3088.0,3361.0,3465.0,3992.0,3926.0
2020-10-09,3295.0,3088.0,3361.0,3465.0,3992.0,3926.0,3801.0
2020-10-10,3088.0,3361.0,3465.0,3992.0,3926.0,3801.0,4087.0
2020-10-11,3361.0,3465.0,3992.0,3926.0,3801.0,4087.0,3946.0
2020-10-12,3465.0,3992.0,3926.0,3801.0,4087.0,3946.0,4505.0
2020-10-13,3992.0,3926.0,3801.0,4087.0,3946.0,4505.0,4244.0
2020-10-14,3926.0,3801.0,4087.0,3946.0,4505.0,4244.0,3309.0
2020-10-15,3801.0,4087.0,3946.0,4505.0,4244.0,3309.0,4341.0
2020-10-16,4087.0,3946.0,4505.0,4244.0,3309.0,4341.0,4003.0
2020-10-17,3946.0,4505.0,4244.0,3309.0,4341.0,4003.0,3892.0
2020-10-18,4505.0,4244.0,3309.0,4341.0,4003.0,3892.0,4025.0
2020-10-19,4244.0,3309.0,4341.0,4003.0,3892.0,4025.0,3503.0
2020-10-20,3309.0,4341.0,4003.0,3892.0,4025.0,3503.0,3402.0
2020-10-21,4341.0,4003.0,3892.0,4025.0,3503.0,3402.0,3470.0
2020-10-22,4003.0,3892.0,4025.0,3503.0,3402.0,3470.0,3707.0
2020-10-23,3892.0,4025.0,3503.0,3402.0,3470.0,3707.0,4215.0
2020-10-24,4025.0,3503.0,3402.0,3470.0,3707.0,4215.0,3719.0
2020-10-25,3503.0,3402.0,3470.0,3707.0,4215.0,3719.0,3569.0
2020-10-26,3402.0,3470.0,3707.0,4215.0,3719.0,3569.0,3523.0
2020-10-27,3470.0,3707.0,4215.0,3719.0,3569.0,3523.0,3189.0
2020-10-28,3707.0,4215.0,3719.0,3569.0,3523.0,3189.0,3551.0
2020-10-29,4215.0,3719.0,3569.0,3523.0,3189.0,3551.0,3319.0
2020-10-30,3719.0,3569.0,3523.0,3189.0,3551.0,3319.0,3263.0
2020-10-31,3569.0,3523.0,3189.0,3551.0,3319.0,3263.0,3199.0
2020-11-01,3523.0,3189.0,3551.0,3319.0,3263.0,3199.0,3928.0
2020-11-02,3189.0,3551.0,3319.0,3263.0,3199.0,3928.0,4080.0
2020-11-03,3551.0,3319.0,3263.0,3199.0,3928.0,4080.0,3590.0
2020-11-04,3319.0,3263.0,3199.0,3928.0,4080.0,3590.0,3708.0
2020-11-05,3263.0,3199.0,3928.0,4080.0,3590.0,3708.0,3190.0
2020-11-06,3199.0,3928.0,4080.0,3590.0,3708.0,3190.0,3373.0
2020-11-07,3928.0,4080.0,3590.0,3708.0,3190.0,3373.0,3364.0
2020-11-08,4080.0,3590.0,3708.0,3190.0,3373.0,3364.0,3463.0
2020-11-09,3590.0,3708.0,3190.0,3373.0,3364.0,3463.0,3147.0
2020-11-10,3708.0,3190.0,3373.0,3364.0,3463.0,3147.0,3202.0
2020-11-11,3190.0,3373.0,3364.0,3463.0,3147.0,3202.0,3361.0
2020-11-12,3373.0,3364.0,3463.0,3147.0,3202.0,3361.0,3314.0
2020-11-13,3364.0,3463.0,3147.0,3202.0,3361.0,3314.0,3643.0
2020-11-14,3463.0,3147.0,3202.0,3361.0,3314.0,3643.0,2928.0
2020-11-15,3147.0,3202.0,3361.0,3314.0,3643.0,2928.0,2765.0
2020-11-16,3202.0,3361.0,3314.0,3643.0,2928.0,2765.0,3144.0
2020-11-17,3361.0,3314.0,3643.0,2928.0,2765.0,3144.0,3134.0
2020-11-18,3314.0,3643.0,2928.0,2765.0,3144.0,3134.0,3306.0
2020-11-19,3643.0,2928.0,2765.0,3144.0,3134.0,3306.0,3144.0
2020-11-20,2928.0,2765.0,3144.0,3134.0,3306.0,3144.0,3495.0
2020-11-21,2765.0,3144.0,3134.0,3306.0,3144.0,3495.0,2977.0
2020-11-22,3144.0,3134.0,3306.0,3144.0,3495.0,2977.0,3287.0
2020-11-23,3134.0,3306.0,3144.0,3495.0,2977.0,3287.0,3320.0
2020-11-24,3306.0,3144.0,3495.0,2977.0,3287.0,3320.0,3237.0
2020-11-25,3144.0,3495.0,2977.0,3287.0,3320.0,3237.0,3050.0
2020-11-26,3495.0,2977.0,3287.0,3320.0,3237.0,3050.0,3168.0
2020-11-27,2977.0,3287.0,3320.0,3237.0,3050.0,3168.0,3084.0
2020-11-28,3287.0,3320.0,3237.0,3050.0,3168.0,3084.0,3618.0
2020-11-29,3320.0,3237.0,3050.0,3168.0,3084.0,3618.0,2691.0
2020-11-30,3237.0,3050.0,3168.0,3084.0,3618.0,2691.0,3106.0
2020-12-01,3050.0,3168.0,3084.0,3618.0,2691.0,3106.0,3164.0
2020-12-02,3168.0,3084.0,3618.0,2691.0,3106.0,3164.0,3094.0
2020-12-03,3084.0,3618.0,2691.0,3106.0,3164.0,3094.0,3086.0
2020-12-04,3618.0,2691.0,3106.0,3164.0,3094.0,3086.0,3129.0
2020-12-05,2691.0,3106.0,3164.0,3094.0,3086.0,3129.0,3282.0
2020-12-06,3106.0,3164.0,3094.0,3086.0,3129.0,3282.0,2830.0
2020-12-07,3164.0,3094.0,3086.0,3129.0,3282.0,2830.0,3022.0
2020-12-08,3094.0,3086.0,3129.0,3282.0,2830.0,3022.0,3012.0
2020-12-09,3086.0,3129.0,3282.0,2830.0,3022.0,3012.0,3020.0
2020-12-10,3129.0,3282.0,2830.0,3022.0,3012.0,3020.0,3000.0
2020-12-11,3282.0,2830.0,3022.0,3012.0,3020.0,3000.0,3047.0
2020-12-12,2830.0,3022.0,3012.0,3020.0,3000.0,3047.0,3047.0
2020-12-13,3022.0,3012.0,3020.0,3000.0,3047.0,3047.0,3616.0
2020-12-14,3012.0,3020.0,3000.0,3047.0,3047.0,3616.0,3072.0
2020-12-15,3020.0,3000.0,3047.0,3047.0,3616.0,3072.0,3199.0
2020-12-16,3000.0,3047.0,3047.0,3616.0,3072.0,3199.0,3076.0
2020-12-17,3047.0,3047.0,3616.0,3072.0,3199.0,3076.0,3545.0
2020-12-18,3047.0,3616.0,3072.0,3199.0,3076.0,3545.0,3418.0
2020-12-19,3616.0,3072.0,3199.0,3076.0,3545.0,3418.0,3066.0
2020-12-20,3072.0,3199.0,3076.0,3545.0,3418.0,3066.0,2869.0
2020-12-21,3199.0,3076.0,3545.0,3418.0,3066.0,2869.0,3135.0
2020-12-22,3076.0,3545.0,3418.0,3066.0,2869.0,3135.0,3094.0
2020-12-23,3545.0,3418.0,3066.0,2869.0,3135.0,3094.0,3118.0
2020-12-24,3418.0,3066.0,2869.0,3135.0,3094.0,3118.0,3154.0
2020-12-25,3066.0,2869.0,3135.0,3094.0,3118.0,3154.0,2767.0
2020-12-26,2869.0,3135.0,3094.0,3118.0,3154.0,2767.0,2936.0
2020-12-27,3135.0,3094.0,3118.0,3154.0,2767.0,2936.0,3037.0
2020-12-28,3094.0,3118.0,3154.0,2767.0,2936.0,3037.0,3032.0
2020-12-29,3118.0,3154.0,2767.0,2936.0,3037.0,3032.0,3067.0
2020-12-30,3154.0,2767.0,2936.0,3037.0,3032.0,3067.0,3102.0
2020-12-31,2767.0,2936.0,3037.0,3032.0,3067.0,3102.0,3102.0
2021-01-01,2936.0,3037.0,3032.0,3067.0,3102.0,3102.0,3106.0
2021-01-02,3037.0,3032.0,3067.0,3102.0,3102.0,3106.0,3201.0
2021-01-03,3032.0,3067.0,3102.0,3102.0,3106.0,3201.0,2906.0
2021-01-04,3067.0,3102.0,3102.0,3106.0,3201.0,2906.0,3093.0
2021-01-05,3102.0,3102.0,3106.0,3201.0,2906.0,3093.0,3116.0
2021-01-06,3102.0,3106.0,3201.0,2906.0,3093.0,3116.0,3114.0
2021-01-07,3106.0,3201.0,2906.0,3093.0,3116.0,3114.0,3132.0
2021-01-08,3201.0,2906.0,3093.0,3116.0,3114.0,3132.0,3309.0
2021-01-09,2906.0,3093.0,3116.0,3114.0,3132.0,3309.0,3046.0
2021-01-10,3093.0,3116.0,3114.0,3132.0,3309.0,3046.0,3034.0
2021-01-11,3116.0,3114.0,3132.0,3309.0,3046.0,3034.0,3157.0
2021-01-12,3114.0,3132.0,3309.0,3046.0,3034.0,3157.0,3158.0
2021-01-13,3132.0,3309.0,3046.0,3034.0,3157.0,3158.0,3150.0
2021-01-14,3309.0,3046.0,3034.0,3157.0,3158.0,3150.0,3074.0
2021-01-15,3046.0,3034.0,3157.0,3158.0,3150.0,3074.0,3097.0
2021-01-16,3034.0,3157.0,3158.0,3150.0,3074.0,3097.0,3203.0
2021-01-17,3157.0,3158.0,3150.0,3074.0,3097.0,3203.0,3073.0
2021-01-18,3158.0,3150.0,3074.0,3097.0,3203.0,3073.0,3269.0
2021-01-19,3150.0,3074.0,3097.0,3203.0,3073.0,3269.0,3219.0
2021-01-20,3074.0,3097.0,3203.0,3073.0,3269.0,3219.0,3064.0
2021-01-21,3097.0,3203.0,3073.0,3269.0,3219.0,3064.0,3286.0
2021-01-22,3203.0,3073.0,3269.0,3219.0,3064.0,3286.0,3203.0
2021-01-23,3073.0,3269.0,3219.0,3064.0,3286.0,3203.0,3447.0
2021-01-24,3269.0,3219.0,3064.0,3286.0,3203.0,3447.0,2906.0
2021-01-25,3219.0,3064.0,3286.0,3203.0,3447.0,2906.0,293.8
2021-01-26,3064.0,3286.0,3203.0,3447.0,2906.0,293.8,304.5
2021-01-27,3286.0,3203.0,3447.0,2906.0,293.8,304.5,300.6
2021-01-28,3203.0,3447.0,2906.0,293.8,304.5,300.6,313.2
2021-01-29,3447.0,2906.0,293.8,304.5,300.6,313.2,306.0
2021-01-30,2906.0,293.8,304.5,300.6,313.2,306.0,306.6
2021-01-31,293.8,304.5,300.6,313.2,306.0,306.6,276.3
2021-02-01,304.5,300.6,313.2,306.0,306.6,276.3,304.7
2021-02-02,300.6,313.2,306.0,306.6,276.3,304.7,288.0
2021-02-03,313.2,306.0,306.6,276.3,304.7,288.0,288.8
2021-02-04,306.0,306.6,276.3,304.7,288.0,288.8,283.3
2021-02-05,306.6,276.3,304.7,288.0,288.8,283.3,299.2
2021-02-06,276.3,304.7,288.0,288.8,283.3,299.2,302.4
2021-02-07,304.7,288.0,288.8,283.3,299.2,302.4,291.1
2021-02-08,288.0,288.8,283.3,299.2,302.4,291.1,264.5
2021-02-09,288.8,283.3,299.2,302.4,291.1,264.5,300.2
2021-02-10,283.3,299.2,302.4,291.1,264.5,300.2,282.4
2021-02-11,299.2,302.4,291.1,264.5,300.2,282.4,290.7
2021-02-12,302.4,291.1,264.5,300.2,282.4,290.7,288.5
2021-02-13,291.1,264.5,300.2,282.4,290.7,288.5,297.5
2021-02-14,264.5,300.2,282.4,290.7,288.5,297.5,313.9
2021-02-15,300.2,282.4,290.7,288.5,297.5,313.9,298.9
2021-02-16,282.4,290.7,288.5,297.5,313.9,298.9,310.9
2021-02-17,290.7,288.5,297.5,313.9,298.9,310.9,304.9
2021-02-18,288.5,297.5,313.9,298.9,310.9,304.9,302.9
2021-02-19,297.5,313.9,298.9,310.9,304.9,302.9,304.1
2021-02-20,313.9,298.9,310.9,304.9,302.9,304.1,275.8
2021-02-21,298.9,310.9,304.9,302.9,304.1,275.8,267.2
2021-02-22,310.9,304.9,302.9,304.1,275.8,267.2,283.2
2021-02-23,304.9,302.9,304.1,275.8,267.2,283.2,322.1
2021-02-24,302.9,304.1,275.8,267.2,283.2,322.1,307.5
2021-02-25,304.1,275.8,267.2,283.2,322.1,307.5,308.8
2021-02-26,275.8,267.2,283.2,322.1,307.5,308.8,326.8
2021-02-27,267.2,283.2,322.1,307.5,308.8,326.8,280.5
2021-02-28,283.2,322.1,307.5,308.8,326.8,280.5,275.2
2021-03-01,322.1,307.5,308.8,326.8,280.5,275.2,311.0
2021-03-02,307.5,308.8,326.8,280.5,275.2,311.0,304.8
2021-03-03,308.8,326.8,280.5,275.2,311.0,304.8,305.5
2021-03-04,326.8,280.5,275.2,311.0,304.8,305.5,307.7
2021-03-05,280.5,275.2,311.0,304.8,305.5,307.7,327.2
2021-03-06,275.2,311.0,304.8,305.5,307.7,327.2,307.5
2021-03-07,311.0,304.8,305.5,307.7,327.2,307.5,293.3
2021-03-08,304.8,305.5,307.7,327.2,307.5,293.3,307.4
