日期(年/月),單位,總發電量,總發電量_發電業,總發電量_發電業_抽蓄水力,總發電量_發電業_火力,總發電量_發電業_火力_燃煤,總發電量_發電業_火力_燃油,總發電量_發電業_火力_燃氣,總發電量_發電業_核能,總發電量_發電業_再生能源,總發電量_發電業_再生能源_慣常水力,總發電量_發電業_再生能源_地熱,總發電量_發電業_再生能源_太陽光電,總發電量_發電業_再生能源_風力,總發電量_自用發電設備,總發電量_自用發電設備_火力,總發電量_自用發電設備_火力_燃煤,總發電量_自用發電設備_火力_燃油,總發電量_自用發電設備_火力_燃氣,總發電量_自用發電設備_再生能源,總發電量_自用發電設備_再生能源_地熱,總發電量_自用發電設備_再生能源_太陽光電,總發電量_自用發電設備_再生能源_風力,總發電量_自用發電設備_再生能源_生質能,總發電量_自用發電設備_再生能源_廢棄物,總需要量,總需要量_總消費量,總需要量_總消費量_能源部門自用,總需要量_總消費量_能源部門自用_抽水用電,總需要量_總消費量_工業部門,總需要量_總消費量_運輸部門,總需要量_總消費量_農業部門,總需要量_總消費量_服務業部門,總需要量_總消費量_住宅部門,總需要量_線路損失,總需要量_統計差異,台電系統平均負載(千瓩),台電系統尖峰負載(千瓩)
08901,百萬度,11770.284,11770.284,293.392,7744.468,4933.27,1740.175,1071.023,3558.91,173.514,173.514,0,0,0,0,0,0,0,0,0,0,0,0,0,0,11770.284,12583.944,1300.679,380.909,6504.933,35.377,161.245,2354.426,2227.285,628.508,-1442.167,15051,18932
08902,百萬度,10104.745,10104.745,295.06,6356.051,3672.914,1831.89,851.247,3164.412,289.222,289.222,0,0,0,0,0,0,0,0,0,0,0,0,0,0,10104.745,11729.269,1129.555,328.218,6016.544,36.663,168.704,2164.665,2213.137,540.412,-2164.936,14122,18489
08903,百萬度,11817.609,11817.609,311.387,7974.022,4643.747,2089.825,1240.449,3125.995,406.206,406.206,0,0,0,0,0,0,0,0,0,0,0,0,0,0,11817.609,13715.404,1208.114,308.217,7177.984,35.714,195.932,2510.601,2587.059,631.711,-2529.506,15649,19554
08904,百萬度,11813.758,11813.758,329.972,8500.499,5093.689,2049.694,1357.116,2640.143,343.144,343.144,0,0,0,0,0,0,0,0,0,0,0,0,0,0,11813.758,13613.752,1213.12,335.206,7068.246,36.038,179.838,2544.924,2571.587,632.041,-2432.035,16247,21640
08905,百萬度,13407.175,13407.175,345.18,9539.204,5548.929,2569.571,1420.704,3092.071,430.72,430.72,0,0,0,0,0,0,0,0,0,0,0,0,0,0,13407.175,14733.439,1339.389,364.869,7718.426,39.637,177.615,2892.824,2565.548,717.897,-2044.161,17747,24270
08906,百萬度,14154.573,14154.573,388.496,9687.205,5978.459,2358.89,1349.855,3607.578,471.294,471.294,0,0,0,0,0,0,0,0,0,0,0,0,0,0,14154.573,15080.865,1414.08,385.443,7803.948,39.742,205.696,3025.527,2591.872,756.811,-1683.104,19594,25834
08907,百萬度,15140.618,15140.618,410.57,10616.761,6461.501,2499.574,1655.686,3637.515,475.771,475.771,0,0,0,0,0,0,0,0,0,0,0,0,0,0,15140.618,16231.475,1559.993,418.499,7689.953,39.943,204.61,3327.329,3409.647,806.493,-1897.35,20082,25854
08908,百萬度,14707.509,14707.509,406.309,10325.043,6278.147,2563.598,1483.298,3486.883,489.275,489.275,0,0,0,0,0,0,0,0,0,0,0,0,0,0,14707.509,16478.75,1508.721,430.042,7815.044,39.961,195.725,3317.643,3601.655,785.777,-2557.017,19451,25290
08909,百萬度,13442.536,13442.536,408.898,9633.82,6079.045,2073.616,1481.159,2920.725,479.093,479.093,0,0,0,0,0,0,0,0,0,0,0,0,0,0,13442.536,16494.497,1497.457,429.668,7583.23,38.657,196.974,3444.062,3734.116,715.742,-3767.702,18697,24430
08910,百萬度,13973.329,13973.329,403.973,10209.251,6051.802,2347.467,1809.982,3040.837,319.268,319.268,0,0,0,0,0,0,0,0,0,0,0,0,0,0,13973.329,16446.433,1502.24,468.696,7958.284,41.198,204.818,3348.629,3391.265,747.71,-3220.814,18377,24111
08911,百萬度,12309.268,12309.268,388.091,8753.71,5413.014,1901.207,1439.488,2768.453,399.015,399.015,0,0,0,0,0,0,0,0,0,0,0,0,0,0,12309.268,15062.592,1435.842,420.66,7247.037,34.438,193.239,3083.896,3068.14,655.115,-3408.439,16551,21393
08912,百萬度,42199.381,11989.099,328.831,7917.543,5088.252,1408.957,1420.334,3459.268,283.457,283.457,0,0,0,30210.281,28399.387,22054.347,5265.263,1079.778,1810.894,0,0.12,1.383,306.866,1502.525,42199.381,14332.954,1367.083,377.09,7282.853,37.968,177.687,2885.395,2581.968,638.459,27227.967,16261,19841
09001,百萬度,10888.489,10887.55,299.714,6727.125,4295.656,1402.464,1029.004,3547.547,313.165,313.165,0,0,0,0.938,0,0,0,0,0.938,0,0.022,0.916,0,0,10888.489,13215.796,1357.636,372.694,6665.074,39.527,164.183,2596.053,2393.323,209.163,-2536.471,14269,19554
09002,百萬度,10844.113,10843.334,291.284,7302.204,4534.922,1530.489,1236.793,2890.002,359.844,359.844,0,0,0,0.779,0,0,0,0,0.779,0,0.022,0.757,0,0,10844.113,12941.509,1308.108,369.486,6599.19,34.98,178.645,2372.386,2448.201,322.696,-2420.091,15743,19795
09003,百萬度,12284.352,12283.699,361.124,8955.539,5315.069,1909.466,1731.004,2636.372,330.664,330.664,0,0,0,0.653,0,0,0,0,0.653,0,0.022,0.631,0,0,12284.352,14319.998,1359.914,433.387,7606.056,36.984,178.037,2613.201,2525.806,748.704,-2784.35,16175,20359
09004,百萬度,12459.775,12459.152,355.697,10068.078,6115.939,2137.467,1814.672,1604.992,430.384,430.384,0,0,0,0.623,0,0,0,0,0.623,0,0.022,0.601,0,0,12459.775,13815.432,1499.312,442.024,7215.347,37.693,178.225,2549.76,2335.096,1151.058,-2506.715,16585,21860
09005,百萬度,13734.219,13733.806,368.469,10315.173,6930.939,2058.241,1325.993,2517.029,533.135,533.135,0,0,0,0.413,0,0,0,0,0.413,0,0.022,0.391,0,0,13734.219,14672.09,1647.927,462.374,7328.112,39.478,183.569,2955.343,2517.66,2079.713,-3017.583,18507,23991
09006,百萬度,14341.832,14341.663,330.701,9875.196,6544.931,1610.15,1720.114,3498.702,637.064,637.064,0,0,0,0.169,0,0,0,0,0.169,0,0.022,0.147,0,0,14341.832,15492.888,1733.755,393.296,7643.545,40.861,191.246,3079.127,2804.354,1512.746,-2663.802,19536,25454
09007,百萬度,15381.285,15381.026,354.172,11133.64,6924.184,2219.096,1990.36,3272.826,620.388,620.388,0,0,0,0.258,0,0,0,0,0.258,0,0.022,0.236,0,0,15381.285,16967.848,1731.633,408.783,7843.377,43.77,198.2,3640.494,3510.374,1393.597,-2980.16,20319,26177
09008,百萬度,16068.013,16067.876,374.99,11640.527,7024.347,2429.796,2186.384,3667.923,384.435,384.324,0,0,0.111,0.137,0,0,0,0,0.137,0,0.022,0.115,0,0,16068.013,17012.103,1640.745,430.659,7681.179,40.624,206.073,3500.639,3942.843,0,-944.09,21189,26290
09009,百萬度,13119.689,13118.93,329.463,9502.174,6398.972,1689.579,1413.623,2825.499,461.794,461.072,0,0,0.722,0.759,0,0,0,0,0.759,0,0.022,0.737,0,0,13119.689,16853.109,1501.666,384.393,7351.716,30.017,208.429,3550.58,4210.702,0,-3733.42,17933,23359
09010,百萬度,13053.357,13052.348,368.415,9163.031,5634.365,1879.704,1648.962,3041.238,479.664,478.447,0,0,1.217,1.009,0,0,0,0,1.009,0,0.022,0.987,0,0,13053.357,16294.166,1441.667,414.711,7818.138,35.198,184.56,3263.995,3550.607,0,-3240.808,17262,21952
09011,百萬度,11955.994,11954.77,329.238,8297.509,5600.502,1299.939,1397.067,3019.897,308.126,307.001,0,0,1.125,1.224,0,0,0,0,1.224,0,0.022,1.202,0,0,11955.994,14856.119,1445.764,420.51,7350.339,35.74,182.745,2899.188,2942.342,0,-2900.125,16248,21033
09012,百萬度,44399.324,11950.364,315.84,8434.029,5838.346,868.963,1726.719,2964.394,236.101,234.81,0,0,1.291,32448.959,30091.639,24137.183,4673.594,1280.863,2357.32,0,0.022,1.04,373.558,1982.7,44399.324,14052.964,1401.125,413.186,6970.385,33.2,175.09,2998.239,2474.925,688.089,29658.271,15823,20381
09101,百萬度,11457.378,11456.5,311.289,7374.063,4982.777,1022.693,1368.593,3609.253,161.896,160.8,0,0,1.096,0.879,0,0,0,0,0.879,0,0.023,0.856,0,0,11457.378,13982.368,1370.088,401.508,7285.47,39.558,167.467,2630.299,2489.485,693.878,-3218.867,16369,20329
09102,百萬度,10077.415,10076.621,254.258,6358.279,4429.877,695.7,1232.702,3262.072,202.012,201.102,0,0,0.911,0.794,0,0,0,0,0.794,0,0.025,0.769,0,0,10077.415,12047.756,1193.218,329.782,6029.77,34.791,144.951,2257.818,2387.209,459.519,-2429.859,15357,19620
09103,百萬度,12412.096,12411.568,306.549,8607.326,5796.454,1010.901,1799.971,3262.313,235.381,234.694,0,0,0.687,0.528,0,0,0,0,0.528,0,0.026,0.502,0,0,12412.096,14471.94,1461.537,390.651,7624.345,43.109,177.149,2654.055,2511.744,1088.693,-3148.537,17321,20843
09104,百萬度,13283.712,13283.21,306.419,9850.308,6025.35,1470.077,2354.882,2929.053,197.429,196.892,0,0,0.537,0.503,0,0,0,0,0.503,0,0.027,0.476,0,0,13283.712,14704.036,1458.023,402.121,7862.826,38.756,180.608,2727.578,2436.246,1447.735,-2868.059,18501,23481
09105,百萬度,14568.808,14568.525,297.314,11026.409,7060.766,1666.547,2299.096,3060.446,184.355,184.114,0,0,0.241,0.283,0,0,0,0,0.283,0,0.028,0.255,0,0,14568.808,16319.748,1540.697,390.952,8480.349,42.453,212.22,3341.545,2702.484,1212.021,-2962.962,19649,23853
09106,百萬度,14996.413,14996.126,296.304,11029.588,7071.817,1628.561,2329.21,3448.848,221.386,221.168,0,0,0.218,0.287,0,0,0,0,0.287,0,0.029,0.258,0,0,14996.413,16094.805,1494.713,399.275,7831.203,39.195,214.274,3366.416,3149.004,0,-1098.393,21029,27117
09107,百萬度,16245.128,16244.811,312.684,11818.504,7488.071,1570.44,2759.993,3714.28,399.344,399.002,0,0,0.341,0.316,0,0,0,0,0.316,0,0.029,0.287,0,0,16245.128,17435.656,1578.168,394.624,8522.499,44.855,192.269,3623.37,3474.496,1865.032,-3055.561,21846,26253
09108,百萬度,16431.459,16431.271,309.286,12067.995,7773.555,1601.873,2692.566,3728.565,325.425,325.167,0,0,0.258,0.188,0,0,0,0,0.188,0,0.029,0.159,0,0,16431.459,18215.067,1752.672,392.712,8469.386,43.651,219.547,3737.146,3992.665,1392.822,-3176.43,22017,26925
09109,百萬度,14475.204,14474.646,240.498,10734.64,7395.824,1107.426,2231.39,3217.2,282.308,281.769,0,0,0.539,0.559,0,0,0,0,0.559,0,0.033,0.526,0,0,14475.204,17976.2,1500.984,313.719,7986.068,39.886,213.918,3832.276,4403.069,0,-3500.996,20247,24980
09110,百萬度,14312.677,14311.949,310.878,10439.596,6794.919,1452.206,2192.47,3288.663,272.812,271.939,0,0,0.873,0.729,0,0,0,0,0.729,0,0.033,0.696,0,0,14312.677,17353.004,1585.223,405.532,8204.588,38.045,206.381,3508.292,3810.476,0,-3040.327,19241,23837
09111,百萬度,12949.638,12948.008,316.583,9389.887,6094.787,1410.25,1884.85,3082.387,159.151,158.043,0,0,1.109,1.63,0,0,0,0,1.63,0,0.033,1.597,0,0,12949.638,16399.647,1621.211,412.044,7872.424,35.358,215.421,3409.824,3245.409,0,-3450.009,17862,21840
09112,百萬度,47618.96,12957.585,318.738,9543.734,6291.932,1392.373,1859.428,2949.84,145.273,144.211,0,0,1.063,34661.375,31646.888,25722.861,4709.911,1214.116,3014.486,0,0.033,1.63,438.607,2574.216,47618.96,15257.537,1566.887,418.163,7861.88,34.921,181.953,3023.225,2588.671,645.25,31716.173,16538,21908
09201,百萬度,12391.951,12390.143,320.609,8247.804,5976.116,632.27,1639.419,3670.773,150.957,149.664,0,0,1.294,1.809,0,0,0,0,1.809,0,0.034,1.775,0,0,12391.951,14774.119,1494.356,421.813,7850.478,35.378,176.543,2697.31,2520.055,702.934,-3085.102,16898,20387
09202,百萬度,11265.395,11264.141,291.358,7513.575,5341.106,850.997,1321.472,3295.291,163.916,163.064,0,0,0.853,1.255,0,0,0,0,1.255,0,0.034,1.221,0,0,11265.395,13444.729,1390.702,380.787,6576.153,36.581,184.044,2599.25,2657.999,115.334,-2294.667,16592,21121
09203,百萬度,13052.143,13050.974,328.307,9472.559,6688.632,677.697,2106.229,3071.289,178.819,177.851,0,0,0.968,1.169,0,0,0,0,1.169,0,0.034,1.135,0,0,13052.143,15284.03,1597.091,427.267,8165.935,37.986,166.802,2744.804,2571.411,691.396,-2923.283,17734,21476
09204,百萬度,13739.599,13738.912,329.634,10416.49,7035.54,1155.255,2225.694,2758.506,234.282,233.709,0,0,0.574,0.686,0,0,0,0,0.686,0,0.034,0.652,0,0,13739.599,14632.842,1553.961,436.628,7731.062,37.479,180.608,2726.146,2403.587,1443.403,-2336.646,19112,23680
09205,百萬度,14737.056,14736.194,343.986,11331.155,7683.338,1229.768,2418.049,2811.37,249.684,249.08,0,0,0.603,0.863,0,0,0,0,0.863,0,0.036,0.827,0,0,14737.056,16466.265,1668.333,455.796,8499.222,36.777,212.22,3347.226,2702.487,1706,-3435.209,19908,25043
09206,百萬度,14625.374,14624.674,328.964,10563.785,7592.178,668.38,2303.227,3360.745,371.18,370.636,0,0,0.543,0.701,0,0,0,0,0.701,0,0.036,0.665,0,0,14625.374,16778.072,1651.706,421.921,8335.998,37.922,204.955,3379.561,3167.931,1123.973,-3276.671,20671,26245
09207,百萬度,17374.537,17374.272,355.915,13004.663,7928.933,1868.6,3207.131,3659.678,354.016,353.814,0,0,0.202,0.265,0,0,0,0,0.265,0,0.037,0.228,0,0,17374.537,18203.651,1762.516,434.615,8825.665,40.351,209.936,3850.787,3514.396,2860.173,-3689.286,23891,28594
09208,百萬度,16876.711,16876.49,323.846,12570.241,7604.706,1881.573,3083.962,3714.183,268.219,268.017,0,0,0.203,0.222,0,0,0,0,0.222,0,0.04,0.182,0,0,16876.711,18985.895,1714.373,425.445,8862.944,40.286,233.698,3877.136,4257.458,1591.23,-3700.414,23248,28061
09209,百萬度,15478.982,15478.149,308.288,11754.234,7356.099,1770.059,2628.077,3047.954,367.673,367.08,0,0,0.593,0.833,0,0,0,0,0.833,0,0.041,0.792,0,0,15478.982,19835.855,1644.98,385.939,8904.002,41.54,231.2,4194.826,4819.308,-781.298,-3575.575,22138,27226
09210,百萬度,14423.101,14421.186,298.294,10547.783,7320.155,978.169,2249.46,3266.952,308.157,306.913,0,0,1.244,1.914,0,0,0,0,1.914,0,0.045,1.869,0,0,14423.101,18492,1614.419,394.126,8569.46,38.954,225.882,3792.798,4250.488,-585.691,-3483.208,19904,25292
09211,百萬度,13718.382,13716.165,306.75,10228.406,6813.201,1255.181,2160.023,2959.283,221.727,220.39,0,0,1.337,2.217,0,0,0,0,2.217,0,0.045,2.172,0,0,13718.382,17071.439,1550.714,401.654,8233.85,38.256,213.37,3546.734,3488.515,-301.412,-3051.645,19286,23672
09212,百萬度,51389.154,13403.429,324.585,9627.598,6576.635,1048.319,2002.644,3275.552,175.694,174.299,0,0,1.395,37985.725,34805.581,28385.748,5413.948,1005.885,3180.144,0,0.045,2.436,400.593,2777.07,51389.154,16495.71,1604.298,424.349,8719.46,43.094,190.912,3191.223,2746.723,185.053,34708.391,18459,22192
09301,百萬度,12442.952,12441.371,286.884,8469.819,6061.827,1016.908,1391.084,3508.02,176.649,175.176,0,0,1.473,1.581,0,0,0,0,1.581,0,0.045,1.536,0,0,12442.952,15019.899,1476.005,378.233,7752.763,40.391,190.619,2861.829,2698.292,655.361,-3232.308,17266,22113
09302,百萬度,12270.194,12268.811,257.31,8614.691,6129.052,903.518,1582.121,3100.588,296.222,295.443,0,0,0.779,1.383,0,0,0,0,1.383,0,0.046,1.337,0,0,12270.194,14529.589,1384.36,337.828,7661.131,38.02,174.666,2600.51,2670.902,1046.293,-3305.688,18517,22127
09303,百萬度,13670.042,13668.395,259.644,9819.108,6290.079,700.178,2828.851,3270.143,319.499,318.648,0,0,0.851,1.647,0,0,0,0,1.647,0,0.046,1.601,0,0,13670.042,16623.985,1519.897,344.691,9180.446,44.957,190.51,2972.82,2715.355,394.894,-3348.837,18814,23005
09304,百萬度,13771.118,13770.264,260.839,10281.961,6329.667,628.697,3323.597,2939.411,288.052,287.595,0,0,0.458,0.854,0,0,0,0,0.854,0,0.047,0.807,0,0,13771.118,16326.634,1471.533,317.884,8618.048,42.163,204.257,3185.953,2804.68,798.879,-3354.395,19623,25221
09305,百萬度,16090.124,16089.578,293.046,11821.701,7363.655,1071.648,3386.397,3648.161,326.671,326.301,0,0,0.37,0.546,0,0,0,0,0.546,0,0.047,0.499,0,0,16090.124,17046.753,1615.733,368.241,8858.033,42.117,204.016,3381.303,2945.551,2434.741,-3391.371,21796,27110
09306,百萬度,16058.536,16057.802,282.582,11856.094,7699.805,946.742,3209.547,3596.888,322.238,321.615,0,0,0.622,0.735,0,0,0,0,0.735,0,0.047,0.688,0,0,16058.536,18491.432,1705.941,331.749,9422.222,46.976,221.604,3771.561,3323.127,1142.354,-3575.249,22690,28795
09307,百萬度,17207.165,17206.787,271.385,12941.91,7941.295,1271.269,3729.345,3690.646,302.846,302.548,0,0,0.298,0.378,0,0,0,0,0.378,0,0.047,0.331,0,0,17207.165,18951.771,1662.467,303.445,9247.803,45.266,228.489,3979.28,3788.466,2006.368,-3750.974,23581,28809
09308,百萬度,17369.695,17369.168,316.064,13183.374,8048.238,1365.852,3769.283,3568.82,300.911,300.6,0,0,0.311,0.527,0,0,0,0,0.527,0,0.047,0.48,0,0,17369.695,19767.832,1714.316,343.853,9367.727,45.078,246.778,4073.201,4320.732,1275.443,-3673.579,23712,28808
09309,百萬度,15761.222,15760.807,293.171,12067.898,7673.483,1202.526,3191.889,3113.239,286.499,286.034,0,0,0.465,0.415,0,0,0,0,0.415,0,0.049,0.366,0,0,15761.222,20260.761,1663.669,318.346,9390.369,44.904,227.251,4303.959,4630.609,-734.25,-3765.289,22539,29034
09310,百萬度,14161.931,14160.222,252.803,10727.777,7040.472,735.327,2951.978,2955.269,224.373,221.916,0,0,2.457,1.709,0,0,0,0,1.709,0,0.052,1.657,0,0,14161.931,18526.182,1588.261,312.238,9021.117,41.72,212.78,3697.305,3964.999,-415.133,-3949.118,19987,25935
09311,百萬度,13636.865,13635.614,273.713,10200.558,6338.561,860.486,3001.512,2976.193,185.149,183.365,0,0,1.785,1.251,0,0,0,0,1.251,0,0.054,1.197,0,0,13636.865,17416.58,1541.382,358.224,8841.066,42.35,202.334,3585.585,3203.863,-38.721,-3740.995,19957,24698
09312,百萬度,55956.789,13347.957,298.249,9733.431,6162.72,680.27,2890.441,3122.688,193.59,190.627,0,0,2.962,42608.833,39259.19,32246.993,6117.113,895.085,3349.643,0,0.057,1.926,347.373,3000.287,55956.789,16927.812,1594.416,374.621,9184.038,44.598,207.432,3375.812,2521.515,370.894,38658.084,19058,23530
09401,百萬度,13409.224,13407.466,302.931,9188.358,6518.148,369.354,2300.857,3726.271,189.906,186.436,0,0,3.471,1.758,0,0,0,0,1.758,0,0.06,1.698,0,0,13409.224,16082.309,1524.717,390.133,8348.206,41.934,192.078,3087.652,2887.722,1079.2,-3752.286,18975,22801
09402,百萬度,11670.802,11669.335,289.571,7949.228,5842.391,445.862,1660.976,3192.06,238.475,236.004,0,0,2.471,1.467,0,0,0,0,1.467,0,0.068,1.399,0,0,11670.802,14289.193,1321.036,361.585,7158.859,39.891,181.089,2715.909,2872.409,487.179,-3105.57,17971,23227
09403,百萬度,14250.2,14248.826,332.451,10234.093,7382.637,380.044,2471.412,3222.649,459.633,457.365,0,0,2.268,1.374,0,0,0,0,1.374,0,0.071,1.303,0,0,14250.2,17228.073,1676.544,386.779,9343.288,50.32,177.176,3115.709,2865.037,313.646,-3291.519,19619,24013
09404,百萬度,14639.327,14638.558,332.076,10773.482,7145.535,511.441,3116.506,3137.985,395.014,392.454,0,0,2.56,0.769,0,0,0,0,0.769,0,0.074,0.695,0,0,14639.327,16639.7,1628.754,383.655,8741.506,45.222,198.929,3103.681,2921.608,1192.526,-3192.9,20544,25516
09405,百萬度,16467.667,16466.883,341.93,12366.324,7622.68,1076.842,3666.803,3389.704,368.925,365.667,0,0,3.258,0.784,0,0,0,0,0.784,0,0.074,0.71,0,0,16467.667,18371.639,1685.15,415.016,9467.642,48.631,213.239,3799.64,3157.336,1590.498,-3494.47,22517,28073
09406,百萬度,16346.67,16345.798,341.383,11914.652,7813.342,754.935,3346.374,3634.805,454.958,450.256,0,0,4.702,0.872,0,0,0,0,0.872,0,0.075,0.797,0,0,16346.67,19185.567,1687.804,386.084,9469.168,50.937,214.066,4007.95,3755.642,826.807,-3665.703,23330,28494
09407,百萬度,17808.834,17808.232,343.098,13406.917,8146.898,1112.061,4147.959,3612.742,445.475,443.486,0,0,1.989,0.602,0,0,0,0,0.602,0,0.081,0.521,0,0,17808.834,19332.331,1667.198,401.741,9257.066,46.575,223.876,4164.195,3973.42,2335.92,-3859.417,24601,30943
09408,百萬度,17780.282,17779.51,318.136,13344.798,8238.091,1032.876,4073.831,3638.16,478.416,475.719,0,0,2.697,0.773,0,0,0,0,0.773,0,0.082,0.691,0,0,17780.282,20735.437,1784.273,373.801,10112.687,53.849,220.907,4231.163,4332.558,916.756,-3871.91,24526,30244
09409,百萬度,16844.407,16843.688,321.308,13285.278,7701.887,1286.536,4296.855,2847.924,389.178,383.163,0,0,6.014,0.719,0,0,0,0,0.719,0,0.086,0.633,0,0,16844.407,20554.33,1694.97,349.383,9553.357,47.947,230.448,4439.738,4587.87,30.455,-3740.377,23992,29486
09410,百萬度,16105.461,16103.535,311.289,12286.192,7115.533,1417.213,3753.446,3160.743,345.311,326.724,0,0,18.587,1.926,0,0,0,0,1.926,0,0.089,1.837,0,0,16105.461,19473.559,1583.933,355.893,9202.876,44.044,230.338,4042.158,4370.209,228.557,-3596.654,22123,29064
09411,百萬度,14906.433,14904.764,293.971,11478.824,7044.443,1211.516,3222.865,2916.862,215.106,204.61,0,0,10.496,1.67,0,0,0,0,1.67,0,0.096,1.574,0,0,14906.433,19196.558,1638.942,385.833,9647.454,49.362,206.637,3952.695,3701.467,-739.622,-3550.502,21306,26563
09412,百萬度,57282.943,14814.427,310.375,10843.979,7169.844,1320.894,2353.242,3492.102,167.971,149.488,0,0,18.483,42468.516,39092.252,32288.297,6312.353,491.603,3376.264,0,0.104,2.449,323.148,3050.563,57282.943,17368.825,1657.707,408.704,9190.572,45.071,200.813,3394.398,2880.263,774.133,39139.986,20035,24118
09501,百萬度,14294.834,14293.172,317.056,10071.267,6761.427,1413.966,1895.873,3663.362,241.488,220.043,0,0,21.445,1.662,0,0,0,0,1.662,0,0.106,1.556,0,0,14294.834,16624.41,1552.642,415.768,8668.62,42.557,192.51,3146.741,3021.339,977.552,-3307.128,19443,24359
09502,百萬度,13030.216,13028.291,276.933,9548.03,6297.185,1598.363,1652.482,2950.231,253.097,234.439,0,0,18.658,1.924,0,0,0,0,1.924,0,0.107,1.817,0,0,13030.216,15748.49,1417.576,364.931,8059.343,42.1,196.508,2975.758,3057.205,170.615,-2888.889,19632,24486
09503,百萬度,15175.267,15174.155,310.92,11545.546,7095.287,1649.527,2800.732,3012.591,305.099,292.449,0,0,12.65,1.112,0,0,0,0,1.112,0,0.111,1.001,0,0,15175.267,17867.678,1662.808,407.488,9910.684,51.208,172.691,3238.59,2831.698,448.726,-3141.137,20610,24704
09504,百萬度,15456.448,15455.678,322.054,11778.402,7598.714,1073.534,3106.154,2952.539,402.682,390.43,0,0,12.252,0.77,0,0,0,0,0.77,0,0.111,0.659,0,0,15456.448,17232.972,1608.414,391.998,9149.868,44.712,224.251,3293.21,2912.518,1539.582,-3316.107,21603,27804
09505,百萬度,16658.793,16658.07,346.158,12787.766,8054.768,1128.399,3604.6,3050.911,473.234,454.428,0,0,18.806,0.724,0,0,0,0,0.724,0,0.114,0.61,0,0,16658.793,18728.584,1757.966,383.605,9811.04,48.894,200.65,3761.904,3148.132,1728.466,-3798.257,22967,28977
09506,百萬度,16929.474,16928.935,336.424,12795.414,7692.913,1280.863,3821.638,3391.831,405.266,388.204,0,0,17.062,0.539,0,0,0,0,0.539,0,0.121,0.418,0,0,16929.474,20625.158,1788.673,369.986,10893.677,59.113,234.721,4250.436,3398.539,223.053,-3918.737,24217,31053
09507,百萬度,18620.173,18619.513,356.923,14073.921,8606.176,1222.958,4244.787,3693.477,495.192,479.158,0,0,16.034,0.66,0,0,0,0,0.66,0,0.125,0.535,0,0,18620.173,19349.457,1805.25,366.263,9087.614,46.161,229.341,4079.405,4101.686,3410.924,-4140.208,25780,32060
09508,百萬度,18849.732,18849.431,354.649,14305.425,8127.998,1305.442,4871.985,3729.676,459.681,450.715,0,0,8.967,0.302,0,0,0,0,0.302,0,0.126,0.176,0,0,18849.732,21687.341,1856.477,394.632,10578.126,59.471,230.026,4429.265,4533.976,1114.363,-3951.972,25938,31478
09509,百萬度,16675.112,16674.13,322.59,12699.121,8025.355,918.48,3755.286,3231.741,420.677,395.082,0,0,25.595,0.982,0,0,0,0,0.982,0,0.128,0.854,0,0,16675.112,20833.984,1661.844,373.317,9539.08,52.02,254.233,4483.918,4842.889,-213.438,-3945.434,24033,30430
09510,百萬度,16732.607,16731.477,314.158,12849.057,8163.438,1070.732,3614.886,3239.959,328.303,294.318,0,0,33.985,1.13,0,0,0,0,1.13,0,0.132,0.998,0,0,16732.607,20304.541,1816.231,405.21,9758.521,50.019,234.225,4150.559,4294.985,-184.144,-3387.79,22574,27776
09511,百萬度,15640.122,15638.972,314.475,11830.333,7472.454,1058.228,3299.651,3190.022,304.143,271.339,0,0,32.804,1.15,0,0,0,0,1.15,0,0.135,1.015,0,0,15640.122,19324.595,1721.763,397.535,9812.393,50.658,222.75,4038.09,3478.941,-526.874,-3157.6,21647,25782
09512,百萬度,57467.347,15146.817,338.327,10780.499,7089.096,744.51,2946.893,3764.158,263.833,217.746,0,0,46.087,42320.53,38941.174,33042.044,5412.638,486.492,3379.356,0,0.141,2.093,321.234,3055.888,57467.347,17639.565,1601.572,416.139,9232.121,46.162,209.998,3707.416,2842.297,849.85,38977.932,20611,25453
09601,百萬度,14862.181,14859.991,328.191,10385.735,6772.845,966.819,2646.071,3823.337,322.728,251.244,0,0,71.484,2.19,0,0,0,0,2.19,0,0.143,2.047,0,0,14862.181,18219.447,1776.781,418.524,9983.191,67.211,198.251,3171.663,3022.35,410.436,-3767.702,20541,24667
09602,百萬度,12615.051,12613.902,280.323,8904.929,5911.597,890.932,2102.4,3171.948,256.703,222.86,0,0,33.842,1.149,0,0,0,0,1.149,0,0.146,1.003,0,0,12615.051,15518.273,1418.541,369.254,8143.714,57.79,184.428,2883.633,2830.166,331.941,-3235.164,19362,24706
09603,百萬度,15435.068,15433.863,316.28,11518.474,7342.145,873.312,3303.016,3254.931,344.178,304.734,0,0,39.444,1.205,0,0,0,0,1.205,0,0.149,1.056,0,0,15435.068,17774.745,1683.706,375.611,9584.258,62.475,202.13,3295.282,2946.894,1460.849,-3800.526,21420,26307
09604,百萬度,15178.41,15177.315,329.048,11347.477,7398.142,650.253,3299.082,3082.326,418.464,387.174,0,0,31.29,1.095,0,0,0,0,1.095,0,0.155,0.94,0,0,15178.41,17693.307,1619.956,342.336,9381.998,49.36,209.198,3346.316,3086.479,1065.925,-3580.822,21639,26507
09605,百萬度,17592.557,17592.027,365.782,13542.009,8265.264,1043.462,4233.283,3275.744,408.492,394.887,0,0,13.605,0.53,0,0,0,0,0.53,0,0.168,0.362,0,0,17592.557,19917.686,1836.015,378.791,10764.007,74.732,212.233,3926.609,3104.091,1483.396,-3808.526,24024,30801
09606,百萬度,17777.284,17776.814,342.349,13337.266,8195.333,946.753,4195.18,3651.715,445.485,431.199,0,0,14.286,0.47,0,0,0,0,0.47,0,0.168,0.302,0,0,17777.284,19826.788,1734.662,348.07,9954.416,75.059,239.404,4142.8,3680.445,1801.064,-3850.568,25171,30787
09607,百萬度,20260.325,20259.618,341.34,15763.134,8745.486,1546.021,5471.627,3729.192,425.952,409.237,0,0,16.715,0.707,0,0,0,0,0.707,0,0.17,0.537,0,0,20260.325,21541.599,1892.221,375.34,10757.085,77.703,237.114,4376.791,4200.685,2665.044,-3946.318,27404,32791
09608,百萬度,18638.413,18637.881,314.938,14138.407,8721.211,1021.153,4396.043,3751.666,432.869,417.212,0,0,15.657,0.533,0,0,0,0,0.533,0,0.2,0.333,0,0,18638.413,22444.218,1923.764,395.459,10974.738,82.5,261.058,4468.036,4734.122,339.545,-4145.35,25459,32181
09609,百萬度,17385.684,17385.112,339.79,13517.551,8493.841,824.643,4199.067,2991.594,536.176,509.122,0,0,27.055,0.572,0,0,0,0,0.572,0,0.201,0.371,0,0,17385.684,21489.495,1716.972,335.031,10034.528,76.884,239.868,4498.913,4922.331,-250.61,-3853.202,24592,30073
09610,百萬度,17200.237,17198.829,355.252,13284.598,8128.839,1195.948,3959.811,3025.493,533.487,483.148,0,0,50.339,1.407,0,0,0,0,1.407,0,0.213,1.194,0,0,17200.237,21010.656,1780.948,335.679,10732.896,84.557,216.446,4119.041,4076.768,-161.377,-3649.042,23259,30897
09611,百萬度,15795.664,15793.864,301.693,12013.879,7361.482,1149.695,3502.701,3056.115,422.177,358.683,0,0,63.494,1.8,0,0,0,0,1.8,0,0.223,1.577,0,0,15795.664,19674.79,1654.048,358.599,10237.898,84.043,218.147,3920.041,3560.613,-599.827,-3279.299,21884,26319
09612,百萬度,60375.71,16066.875,317.714,11723.857,7664.172,1089.489,2970.196,3725.1,300.204,248.049,0,0,52.155,44308.835,40845.763,35442.926,4645.972,756.866,3463.072,0,0.244,0.448,302.172,3160.208,60375.71,18371.681,1729.769,416.437,9869.851,80.98,201.275,3531.608,2958.197,1043.762,40960.267,21441,25912
09701,百萬度,15951.84,15950.9,316.289,11527.046,7745.136,931.158,2850.752,3823.08,284.484,212.789,0,0.006,71.688,0.941,0,0,0,0,0.941,0,0.247,0.694,0,0,15951.84,19005.074,1821.102,415.095,10501.803,96.313,197.783,3396.992,2991.082,424.644,-3477.877,21489,25906
09702,百萬度,14006.922,14004.8,299.353,9708.94,6519.35,918.437,2271.153,3577.904,418.603,336.335,0,0.004,82.263,2.123,0,0,0,0,2.123,0,0.272,1.85,0,0,14006.922,16601.68,1545.442,376.852,8760.593,79.216,191.188,2977.169,3048.073,680.693,-3275.451,20368,25179
09703,百萬度,15953.092,15952.113,303.892,12009.314,7076.191,1097.84,3835.284,3267.019,371.888,327.885,0,0.009,43.994,0.979,0,0,0,0,0.979,0,0.263,0.716,0,0,15953.092,18306.655,1661.775,376.852,10011.889,89.574,190.354,3197.779,3155.283,1281.373,-3634.936,21979,26622
09704,百萬度,16297.699,16296.817,281.06,12649.345,6899.99,1565.529,4183.826,3033.178,333.234,296.954,0,0.007,36.272,0.882,0,0,0,0,0.882,0,0.294,0.588,0,0,16297.699,18962.201,1493.295,331.024,10636.458,97.781,209.505,3460.902,3064.26,585.363,-3249.865,22945,27931
09705,百萬度,17726.758,17725.794,286.958,13780.969,8411.543,974.295,4395.131,3325.113,332.754,299.329,0,0.009,33.416,0.964,0,0,0,0,0.964,0,0.311,0.653,0,0,17726.758,19622.681,1676.421,343.486,10543.074,94.264,227.401,3895.767,3185.754,1603.193,-3499.117,23853,29683
09706,百萬度,17847.394,17846.726,300.623,13583.256,8025.447,921.733,4636.076,3493.026,469.821,441.779,0,0.008,28.033,0.669,0,0,0,0,0.669,0,0.368,0.3,0,0,17847.394,21343.659,1685.853,299.836,11513.866,107.001,231.159,4192.112,3613.668,78.442,-3574.706,24921,31233
09707,百萬度,19009.627,19008.936,292.805,14509.698,8346.794,976.76,5186.144,3772.635,433.798,405.052,0,0.01,28.736,0.691,0,0,0,0,0.691,0,0.374,0.317,0,0,19009.627,19750.1,1695.915,270.884,9929.78,89.421,226.927,4042.712,3765.344,2929.105,-3669.578,25652,31320
09708,百萬度,19432.112,19431.506,304.75,14775.058,8597.706,1161.94,5015.412,3766.397,585.3,568.7,0,0.01,16.59,0.606,0,0,0,0,0.606,0,0.407,0.2,0,0,19432.112,20879.488,1680.456,286.494,10263.875,95.447,244.757,4248.793,4346.161,1915.99,-3363.366,25946,31111
09709,百萬度,17451.587,17450.728,268.636,13086.494,7798.414,1054.476,4233.603,3602.97,492.629,462.31,0,0.008,30.31,0.859,0,0,0,0,0.859,0,0.405,0.454,0,0,17451.587,22148.183,1706.858,267.305,10855.334,109.956,240.292,4647.629,4588.115,-1511.896,-3184.701,24300,30499
09710,百萬度,16950.322,16949.13,289.031,12762.607,7247.49,821.982,4693.135,3336.13,561.362,515.377,0,0.009,45.976,1.192,0,0,0,0,1.192,0,0.406,0.787,0,0,16950.322,19221.507,1538.769,307.115,9065.005,90.987,229.8,4134.481,4162.464,758.895,-3030.08,23040,27930
09711,百萬度,14527.26,14525.527,263.125,11088.459,6914.393,588.667,3585.399,2819.789,354.154,273.808,0,0.007,80.339,1.733,0,0,0,0,1.733,0,0.423,1.31,0,0,14527.26,17331.02,1437.064,327.009,7888.754,87.739,227.917,3843.314,3846.232,-165.404,-2638.357,20270,26961
09712,百萬度,53150.753,13832.717,260.643,10316.194,6996.884,433.508,2885.802,3009.617,246.262,164.786,0,0.008,81.468,39318.036,35957.12,31616.386,3599.31,741.424,3360.916,0,0.609,1.31,272.638,3086.359,53150.753,16513.674,1620.074,338.02,8143.718,102.817,183.205,3543.306,2920.554,3.762,36633.317,18673,22568
09801,百萬度,12690.904,12689.353,277.308,8353.737,6519.486,442.021,1392.23,3743.945,314.363,219.812,0,0.008,94.543,1.552,0,0,0,0,1.552,0,0.593,0.959,0,0,12690.904,13763.648,1373.267,364.711,6184.269,73.308,198.716,2916.839,3017.249,1538.27,-2611.013,17320,22294
09802,百萬度,12852.057,12850.936,253.251,8848.19,6152.818,345.61,2349.762,3464.18,285.314,210.473,0,0.007,74.834,1.121,0,0,0,0,1.121,0,0.642,0.479,0,0,12852.057,16150.3,1467.81,332.94,7906.352,114.939,200.02,3253.607,3207.572,-753.522,-2544.722,19378,24045
09803,百萬度,14769.611,14768.232,277.622,10883.423,7470.89,481.534,2930.999,3274.375,332.812,259.295,0,0.007,73.51,1.38,0,0,0,0,1.38,0,0.639,0.741,0,0,14769.611,16527.629,1619.012,366.352,8731.981,91.469,170.502,3067.477,2847.187,1074.666,-2832.684,19931,23853
09804,百萬度,14639.039,14637.69,283.526,10717.432,7089.407,528.594,3099.432,3222.955,413.777,341.484,0,0.009,72.284,1.349,0,0,0,0,1.349,0,0.687,0.662,0,0,14639.039,16661.501,1552.911,348.127,8827.248,96.216,202.949,3233.449,2748.727,1072.437,-3094.899,20529,25199
09805,百萬度,16230.939,16229.991,304.612,12308.54,7519.597,517.917,4271.025,3229.114,387.725,354.908,0,0.01,32.807,0.948,0,0,0,0,0.948,0,0.679,0.269,0,0,16230.939,17037.4,1527.368,356.023,8574.062,83.837,217.99,3501.053,3133.09,2371.867,-3178.328,21976,28097
09806,百萬度,16930.931,16929.924,288.578,12577.353,7638.481,370.483,4568.389,3693.785,370.208,339.576,0,0.009,30.623,1.007,0,0,0,0,1.007,0,0.716,0.291,0,0,16930.931,19242.541,1709.243,339.782,10129.632,98.675,212.565,3857.538,3234.888,1370.204,-3681.814,24036,28932
09807,百萬度,18752.985,18751.982,299.046,14381.793,8068.041,451.618,5862.134,3731.685,339.457,310.304,0,0.01,29.143,1.004,0,0,0,0,1.004,0,0.729,0.274,0,0,18752.985,20765.259,1753.489,337.225,10512.414,108.161,250.243,4286.02,3854.932,1842.27,-3854.544,25780,30753
09808,百萬度,18550.184,18549.156,279.74,13953.996,8123.382,531.059,5299.555,3761.967,553.454,529.395,0,0.006,24.052,1.027,0,0,0,0,1.027,0,0.78,0.247,0,0,18550.184,20635.956,1682.67,300.67,9681.016,89.489,254.568,4191.974,4736.238,1648.739,-3734.511,25328,31011
09809,百萬度,18238.078,18236.772,254.585,13912.088,7773.978,900.933,5237.178,3693.186,376.912,338.597,0,0.01,38.305,1.306,0,0,0,0,1.306,0,0.748,0.558,0,0,18238.078,21942.901,1682.53,290.075,10491.597,103.934,229.703,4512.95,4922.187,-188.274,-3516.549,25803,30703
09810,百萬度,16351.176,16348.717,268.691,12138.942,7547.317,491.756,4099.869,3396.001,545.084,435.094,0,0.009,109.981,2.459,0,0,0,0,2.459,0,0.895,1.564,0,0,16351.176,20385.568,1558.142,295.77,9976.734,94.514,234.903,4063.709,4457.566,-361.074,-3673.318,22476,28540
09811,百萬度,15105.521,15103.57,258.48,11730.327,7078.296,483.426,4168.605,2772.712,342.051,253.663,0,0.007,88.38,1.951,0,0,0,0,1.951,0,0.845,1.106,0,0,15105.521,18905.926,1545.731,342.443,9349.911,91.394,216.265,3817.013,3885.614,-323.469,-3476.936,21573,26532
09812,百萬度,54925.733,15205.69,259.666,11093.213,7229.519,581.479,3282.215,3587.224,265.587,155.685,0,0.006,109.896,39720.043,36453.812,32491.141,3243.77,718.901,3266.231,0,1.06,1.127,229.329,3034.714,54925.733,18696.346,1560.731,344,10366.477,102.447,193.575,3450.972,3022.144,121.188,36108.199,20933,24979
09901,百萬度,15404.859,15402.529,258.356,11168.767,7089.63,775.691,3303.446,3674.349,301.057,201.436,0,0.257,99.364,2.33,0,0,0,0,2.33,0,1.049,1.281,0,0,15404.859,17527.425,1483.565,340.068,9404.552,90.74,193.401,3303.382,3051.786,1357.208,-3479.774,21056,25386
09902,百萬度,13542.356,13540.51,256.113,9398.208,6053.168,772.78,2572.26,3498.309,387.88,306.612,0,0.235,81.032,1.846,0,0,0,0,1.846,0,0.994,0.852,0,0,13542.356,15941.223,1437.696,339.062,8394.565,89.239,169.474,2956.639,2893.61,555.402,-2954.269,20336,25898
09903,百萬度,16417.712,16415.901,272.015,12150.593,6892.503,753.864,4504.226,3609.623,383.67,307.398,0,0.338,75.933,1.811,0,0,0,0,1.811,0,0.997,0.814,0,0,16417.712,19350.807,1674.479,341.877,10677.794,104.327,209.142,3627.8,3057.265,322.112,-3255.207,22045,26845
09904,百萬度,16115.837,16113.718,247.588,12455.546,6940.375,641.78,4873.391,3047.661,362.923,287.731,0,0.31,74.882,2.119,0,0,0,0,2.119,0,1.288,0.83,0,0,16115.837,18181.714,1532.794,316.701,10025.301,95.178,195.602,3259.23,3073.609,1046.13,-3112.008,22377,28473
09905,百萬度,18033.46,18031.545,272.249,14005.281,7575.349,745.763,5684.17,3380.536,373.48,332.574,0,0.346,40.56,1.915,0,0,0,0,1.915,0,1.263,0.652,0,0,18033.46,19326.754,1586.232,301.655,10502.903,94.681,229.798,3755.903,3157.236,2080.536,-3373.83,24047,29653
09906,百萬度,17899.099,17896.753,277.491,13692.871,7842.711,582.404,5267.757,3262.533,663.858,596.309,0,0.297,67.251,2.346,0,0,0,0,2.346,0,1.409,0.937,0,0,17899.099,20403.557,1632.351,281.914,11038.902,104.385,214.51,4062.905,3350.504,896.201,-3400.659,24786,30945
09907,百萬度,20437.701,20435.823,269.312,15833.254,8088.255,869.487,6875.512,3816.476,516.781,465.978,0,0.406,50.397,1.877,0,0,0,0,1.877,0,1.439,0.438,0,0,20437.701,21186.375,1669.821,269.809,10966.115,100.667,250.135,4263.431,3936.205,2764.21,-3512.885,27342,33023
09908,百萬度,20340.071,20338.191,255.036,15868.26,8215.339,893.929,6758.992,3801.223,413.672,384.31,0,0.414,28.948,1.88,0,0,0,0,1.88,0,1.71,0.17,0,0,20340.071,21916.229,1731.985,267.311,10937.437,102.109,245.414,4347.657,4551.626,1968.505,-3544.663,27320,32797
09909,百萬度,18260.654,18258.481,239.815,13948.906,7750.617,686.615,5511.673,3663.446,406.315,362.963,0,0.316,43.036,2.173,0,0,0,0,2.173,0,1.779,0.394,0,0,18260.654,22674.213,1623.943,269.941,11029.593,104.524,260.209,4685.214,4970.73,-830.984,-3582.574,25839,31260
09910,百萬度,17657.874,17654.518,250.592,13651.892,7631.528,780.373,5239.991,3192.396,559.638,413.691,0,0.325,145.622,3.356,0,0,0,0,3.356,0,1.977,1.379,0,0,17657.874,20872.592,1515.982,267.39,10429.62,96.809,222.972,4124.478,4482.732,377.721,-3592.438,24094,30494
09911,百萬度,16022.057,16018.705,229.543,12035.705,7351.264,344.231,4340.209,3248.21,505.248,323.696,0,0.304,181.248,3.351,0,0,0,0,3.351,0,1.874,1.478,0,0,16022.057,20117.434,1570.962,298.184,10560.419,101.581,220.148,3895.301,3769.024,-780.137,-3315.241,22438,26381
09912,百萬度,56927.188,16324.715,232.889,12318.418,7541.514,407.739,4369.165,3433.928,339.481,211.402,0,0.312,127.767,40602.472,37203.473,33368.416,2886.204,948.853,3398.999,0,2.089,1.071,270.035,3125.805,56927.188,19908.96,1564.73,310.694,11279.988,109.847,204.739,3616.191,3133.464,-93.491,37111.719,22110,26486
10001,百萬度,16354.816,16351.309,235.548,11821.764,6878.885,555.728,4387.151,3817.006,476.99,227.584,0,0.227,249.179,3.507,0,0,0,0,3.507,0,2.199,1.309,0,0,16354.816,18427.316,1506.475,315,10272.828,95.497,194.903,3275.265,3082.348,1472.16,-3544.66,22226,26589
10002,百萬度,13948.607,13945.386,225.979,9845.244,6139.155,438.736,3267.352,3504.854,369.309,211.9,0,0.286,157.124,3.221,0,0,0,0,3.221,0,2.243,0.978,0,0,13948.607,16612.814,1318.098,298.714,9020.763,90.302,186.124,2853.83,3143.697,527.559,-3191.765,21017,26231
10003,百萬度,16820.542,16817.413,244.703,12541.034,7542.721,448.691,4549.622,3596.481,435.195,259.029,0,0.314,175.851,3.129,0,0,0,0,3.129,0,2.278,0.852,0,0,16820.542,20137.487,1635.032,327.366,11601.554,109.499,199.741,3363.526,3228.134,105.929,-3422.874,22723,27447
10004,百萬度,16528.546,16525.635,242.439,12723.946,7391.453,427.909,4904.584,3248.03,311.22,228.787,0,0.402,82.032,2.911,0,0,0,0,2.911,0,2.532,0.378,0,0,16528.546,18576.256,1490.595,302.159,10376.726,97.897,209.024,3218.601,3183.413,1076.64,-3124.35,22852,27301
10005,百萬度,18295.571,18292.307,256.938,14498.488,8043.619,678.668,5776.201,3167.649,369.232,312.016,0,0.857,56.359,3.264,0,0,0,0,3.264,0,3.083,0.181,0,0,18295.571,19989.708,1745.32,303.922,10924.157,104.67,222.835,3788.061,3204.665,1362.691,-3056.828,24419,30615
10006,百萬度,19439.208,19435.461,248.651,15067.568,8047.76,1089.565,5930.244,3688.607,430.634,371.945,0,1.034,57.655,3.748,0,0,0,0,3.748,0,3.587,0.161,0,0,19439.208,20955.58,1644.044,274.055,11142.494,111.826,247.33,4176.473,3633.413,1806.08,-3322.451,27018,32893
10007,百萬度,20475.626,20470.849,253.595,15952.338,8245.989,723.712,6982.638,3818.868,446.048,406.595,0,1.107,38.345,4.777,0,0,0,0,4.777,0,4.617,0.161,0,0,20475.626,21425.151,1673.617,280.773,10930.219,101.758,245.668,4269.7,4204.189,2547.172,-3496.697,27441,32902
10008,百萬度,20898.285,20891.258,245.605,16669.197,8506.642,926.482,7236.072,3556.536,419.92,378.324,0,1.143,40.453,7.028,0,0,0,0,7.028,0,6.828,0.2,0,0,20898.285,23079.388,1760.385,278.592,11954.623,118.514,254.459,4478.848,4512.559,1216.72,-3397.822,28083,33787
10009,百萬度,18489.727,18483.185,236.104,14233.517,7944.687,486.935,5801.895,3599.056,414.508,331.492,0,1.055,81.962,6.543,0,0,0,0,6.543,0,6.023,0.52,0,0,18489.727,22095.876,1597.07,254.37,10692.561,103.436,265.315,4557.096,4880.398,-121.729,-3484.419,26082,31458
10010,百萬度,17877.19,17867.294,236.317,13704.557,7568.123,490.317,5646.116,3353.515,572.905,407.271,0,0.938,164.696,9.895,0,0,0,0,9.895,0,9.484,0.411,0,0,17877.19,21144.848,1605.403,269.985,10570.598,101.063,250.905,4125.353,4491.525,115.525,-3383.183,24050,29540
10011,百萬度,16801.131,16796.067,232.876,12590.65,7346.028,613.787,4630.834,3345.7,626.841,485.399,0,0.635,140.807,5.064,0,0,0,0,5.064,0,4.73,0.334,0,0,16801.131,20782.678,1554.324,282.17,10994.296,108.905,233.888,4132.125,3759.138,-824.866,-3156.681,23360,29133
10012,百萬度,56237.764,16471.081,243.353,12185.752,7467.271,427.145,4291.336,3420.188,621.788,379.385,0,0.646,241.758,39766.683,36328,33338.928,2191.34,797.732,3438.682,0,5.375,0.973,236.074,3196.26,56237.764,18859.151,1512.31,314.234,10402.322,100.21,215.872,3533.025,3095.412,864.765,36513.848,22314,26959
10101,百萬度,15701.446,15695.466,264.345,10971.076,6672.015,415.984,3883.077,3824.674,635.371,403.944,0,0.926,230.501,5.98,0,0,0,0,5.98,0,4.566,1.413,0,0,15701.446,18542.287,1499.371,309.589,10187.878,113.529,188.42,3474.486,3078.602,22.707,-2863.548,20867,26420
10102,百萬度,15854.608,15843.039,224.352,11432.582,6535.456,326.261,4570.866,3643.273,542.832,373.824,0,0.892,168.115,11.569,0,0,0,0,11.569,0,10.007,1.561,0,0,15854.608,16519.48,1346.2,257.875,8807.212,79.723,204.231,2876.346,3205.767,2095.659,-2760.531,22530,27099
10103,百萬度,17324.577,17313.565,241.426,12990.918,7944.721,380.542,4665.655,3493.343,587.878,424.395,0,1.241,162.242,11.011,0,0,0,0,11.011,0,10.066,0.945,0,0,17324.577,20404.777,1574.902,274.698,11641.761,117.192,203.852,3493.084,3373.985,-135.699,-2944.501,22970,27249
10104,百萬度,17462.956,17450.038,228.278,13928.479,7762.571,745.475,5420.433,2834.05,459.231,406.948,0,1.047,51.236,12.918,0,0,0,0,12.918,0,12.595,0.322,0,0,17462.956,19147.617,1593.591,259.928,10561.451,102.427,221.181,3444.997,3223.97,1182.77,-2867.43,23758,29515
10105,百萬度,18962.698,18950.389,239.197,15585.111,8020.466,889.31,6675.335,2413.049,713.033,640.885,0,1.246,70.901,12.31,0,0,0,0,12.31,0,11.817,0.492,0,0,18962.698,21211.783,1645.925,228.303,11846.133,115.633,225.469,4064.307,3314.316,705.337,-2954.421,24991,30661
10106,百萬度,18618.86,18602.785,230.978,14570.488,8135.381,478.653,5956.454,3050.07,751.25,662.015,0,1.008,88.227,16.074,0,0,0,0,16.074,0,15.605,0.47,0,0,18618.86,19990.195,1545.58,237.681,10597.862,100.736,234.309,3865.905,3645.803,1744.796,-3116.131,25712,31474
10107,百萬度,20534.785,20522.997,257.042,15914.754,8430.542,534.274,6949.938,3744.278,606.923,559.986,0,1.371,45.567,11.788,0,0,0,0,11.788,0,11.486,0.302,0,0,20534.785,21985.031,1730.965,270.258,11553.668,113.85,241.03,4366.946,3978.572,2243.104,-3693.35,27773,33081
10108,百萬度,19404.513,19390.727,259.514,14624.997,8144.331,357.954,6122.713,3704.402,801.813,721.174,0,1.044,79.595,13.786,0,0,0,0,13.786,0,13.456,0.33,0,0,19404.513,22467.84,1646.199,233.329,11593.074,113.496,260.386,4418.069,4436.616,593.8,-3657.128,26437,32259
10109,百萬度,18132.061,18118.468,240.573,13656.551,7419.424,314.678,5922.449,3736.349,484.995,416.563,0,1.314,67.118,13.593,0,0,0,0,13.593,0,13.027,0.566,0,0,18132.061,21376.524,1479.577,264.438,10514.035,103.47,243.143,4354.845,4681.454,299.76,-3544.223,25596,31723
10110,百萬度,17784.614,17767.015,243.702,13483.847,7710.658,414.107,5359.082,3521.195,518.271,335.867,0,1.238,181.166,17.599,0,0,0,0,17.599,0,16.632,0.967,0,0,17784.614,21753.544,1654.829,304.344,11600.974,112.391,242.337,4111.756,4031.257,-840.938,-3127.991,23544,27906
10111,百萬度,16666.706,16650.807,252.556,12775.083,7472.939,451.543,4850.601,3252.144,371.023,266.408,0,0.957,103.659,15.9,0,0,0,0,15.9,0,15.434,0.466,0,0,16666.706,19882.329,1514.752,302.552,10621.398,103.005,237.952,3890.282,3514.94,-274.3,-2941.323,22907,27505
10112,百萬度,53925.6,16503.824,254.938,12428.959,6932.235,351.061,5145.663,3204.903,615.024,457.548,0,0.924,156.551,37421.776,33981.605,31261.583,1951.838,768.184,3440.171,0,11.969,0.756,241.292,3186.154,53925.6,17830.203,1409.948,288.152,9995.608,93.78,205.564,3378.041,2747.262,1723.342,34372.055,22083,26105
10201,百萬度,16538.968,16525.46,258.247,11810.049,6553.035,394.299,4862.715,3924.261,532.903,299.035,0,0.996,232.871,13.508,0,0,0,0,13.508,0,12.322,1.186,0,0,16538.968,19720.674,1558.359,316.662,11381.388,123.208,201.366,3441.847,3014.507,63.217,-3244.923,22295,26342
10202,百萬度,13967.416,13951.89,252.92,10094.416,5964.518,309.781,3820.117,3178.286,426.267,247.017,0,0.99,178.26,15.526,0,0,0,0,15.526,0,14.331,1.195,0,0,13967.416,16194.251,1265.68,295.464,8853.838,85.755,190.02,2875.61,2923.348,666.99,-2893.825,20973,26665
10203,百萬度,16830.614,16809.481,251.716,12726.04,6745.776,395.362,5584.902,3436.338,395.388,265.768,0,1.204,128.416,21.133,0,0,0,0,21.133,0,20.275,0.857,0,0,16830.614,19043.116,1482.914,321.169,10782.819,103.29,216.159,3350.649,3107.285,1123.374,-3335.876,22788,27461
10204,百萬度,16595.586,16575.254,270.091,12414.084,6925.508,339.364,5149.211,3292.729,598.35,505.526,0,1.183,91.64,20.332,0,0,0,0,20.332,0,19.674,0.657,0,0,16595.586,19100.371,1540.3,282.145,10928.503,105.712,206.201,3316.895,3002.759,562.888,-3067.673,23038,28175
10205,百萬度,18395.927,18375.547,291.745,13801.213,7206.945,549.244,6045.024,3427.085,855.504,798.184,0,1.396,55.924,20.38,0,0,0,0,20.38,0,20.121,0.259,0,0,18395.927,20583.895,1575.003,288.213,11558.689,110.029,230.047,3937.53,3172.598,1323.864,-3511.833,25030,31698
10206,百萬度,19290.111,19271.282,276.652,15240.612,7351.716,885.122,7003.775,3163.824,590.195,524.706,0,1.533,63.955,18.829,0,0,0,0,18.829,0,18.501,0.328,0,0,19290.111,21524.579,1493.425,283.954,11871.934,115.062,234.808,4125.849,3683.5,1285.775,-3520.242,27167,32998
10207,百萬度,20352.841,20318.746,273.538,15742.434,8162.938,609.978,6969.518,3713.134,589.641,544.824,0,2.173,42.644,34.095,0,0,0,0,34.095,0,33.994,0.101,0,0,20352.841,22738.801,1741.693,284.687,11752.684,114.433,272.192,4516.505,4341.295,1360.572,-3746.532,27472,33444
10208,百萬度,20329.179,20301.288,273.89,15593.695,8076.448,504.022,7013.226,3857.316,576.387,519.038,0,2.803,54.547,27.891,0,0,0,0,27.891,0,27.694,0.197,0,0,20329.179,23053.044,1627.004,289.645,11852.361,113.276,262.55,4448.763,4749.09,1054.983,-3778.848,27607,33957
10209,百萬度,18449.059,18422.969,274.876,13688.923,7712.705,399.817,5576.401,3673.486,785.683,668.233,0,3.024,114.426,26.091,0,0,0,0,26.091,0,25.894,0.197,0,0,18449.059,22302.17,1578.187,265.854,11059.412,114.648,257.968,4504.899,4787.057,-430.183,-3422.928,25890,32217
10210,百萬度,17971.962,17940.334,266.754,13444.423,7584.003,304.535,5555.886,3505.894,723.262,477.91,0,3.056,242.296,31.629,0,0,0,0,31.629,0,30.571,1.058,0,0,17971.962,21576.024,1570.86,301.518,11345.624,112.658,240.939,4092.043,4213.899,-320.607,-3283.454,24160,29812
10211,百萬度,16650.181,16613.614,247.604,12753.907,7245.288,290.463,5218.156,3123.495,488.608,308.656,0,2.203,177.749,36.566,0,0,0,0,36.566,0,35.644,0.923,0,0,16650.181,20315.549,1501.436,321.326,10899.13,105.663,233.709,3902.93,3672.681,-418.41,-3246.958,23182,27771
10212,百萬度,56968.971,16703.902,249.054,12596.19,7361.782,293.268,4941.14,3343.512,515.146,263.993,0,2.011,249.141,40265.069,36761.309,34626.979,1488.363,645.967,3503.76,0,39.503,1.178,219.329,3243.75,56968.971,18970.925,1470.935,327.479,10928.544,110.211,205.262,3349.801,2906.172,978.469,37019.577,22495,26641
10301,百萬度,16425.739,16403.736,262.509,11937.115,7153.744,299.735,4483.635,3811.304,392.808,203.786,0,3.075,185.946,22.003,0,0,0,0,22.003,0,21.041,0.962,0,0,16425.739,19274.214,1540.347,333.904,10929.579,111.714,207.018,3349.412,3136.144,499.733,-3348.209,22029,26722
10302,百萬度,14628.144,14602.019,249.28,10354.982,6485.942,298.211,3570.829,3567.254,430.503,267.803,0,2.592,160.108,26.125,0,0,0,0,26.125,0,25.359,0.766,0,0,14628.144,17553.512,1318.442,295.93,9735.04,108.318,199.76,2972.847,3219.104,114.013,-3039.381,21891,26768
10303,百萬度,16804.43,16777.354,273.67,12684.723,7175.714,327.804,5181.205,3333.746,485.214,349.246,0,2.71,133.259,27.077,0,0,0,0,27.077,0,26.581,0.495,0,0,16804.43,19333.525,1521.335,319.733,11205.69,107.89,189.586,3207.158,3101.866,1045.386,-3574.48,22833,27835
10304,百萬度,16911.159,16863.151,250.309,13427.253,7177.472,446.291,5803.491,2822.818,362.771,270.152,0,3.215,89.404,48.008,0,0,0,0,48.008,0,47.635,0.373,0,0,16911.159,19397.954,1532.683,289.989,11192.19,107.098,212.45,3370.937,2982.596,1064.222,-3551.017,23790,28404
10305,百萬度,18862.39,18813.479,267.629,14620.059,7449.227,528.364,6642.469,3206.184,719.606,658.269,0,2.67,58.666,48.912,0,0,0,0,48.912,0,48.684,0.228,0,0,18862.39,20938.493,1588.609,300.065,11872.339,108.284,232.449,3919.341,3217.472,1423.35,-3499.453,25366,31607
10306,百萬度,19387.061,19348.779,269.916,14800.548,7496.717,533.64,6770.19,3562.675,715.641,624.402,0,3.299,87.941,38.282,0,0,0,0,38.282,0,38.013,0.269,0,0,19387.061,21363.166,1616.81,281.077,11608.136,112.636,244.133,4102.377,3679.074,1720.951,-3697.055,27160,32981
10307,百萬度,21643.411,21593.02,280.341,16777.603,8010.358,948.32,7818.926,3890.222,644.853,569.954,0,4.428,70.472,50.391,0,0,0,0,50.391,0,50.118,0.273,0,0,21643.411,22878.648,1707.434,288.804,12244.257,115.203,256.797,4439.344,4115.612,2592.841,-3828.077,29157,34821
10308,百萬度,20860.471,20814.859,267.336,16150.889,8168.031,815.037,7167.82,3889.434,507.2,455.506,0,4.536,47.158,45.612,0,0,0,0,45.612,0,45.392,0.22,0,0,20860.471,23622.057,1655.424,301.05,12110.49,124.777,293.298,4601.275,4836.793,1076.488,-3838.075,28405,34201
10309,百萬度,20177.214,20135.131,259.756,16097.354,7604.487,1048.436,7444.431,3450.312,327.709,274.639,0,4.473,48.597,42.083,0,0,0,0,42.083,0,41.833,0.249,0,0,20177.214,23681.804,1703.825,313.667,11609.425,120.535,269.191,4720.089,5258.739,212.53,-3717.12,28246,34244
10310,百萬度,18327.177,18273.259,250.151,14093.288,6937.87,484.158,6671.26,3446.115,483.705,283.72,0,5.005,194.981,53.918,0,0,0,0,53.918,0,53.379,0.54,0,0,18327.177,22591.71,1554.185,304.953,11729.52,119.658,265.979,4294.797,4627.572,-794.87,-3469.663,24708,31331
10311,百萬度,16936.477,16884.975,242.844,12479.764,6679.018,327.529,5473.217,3808.676,353.691,187.759,0,3.775,162.157,51.501,0,0,0,0,51.501,0,50.46,1.042,0,0,16936.477,20993.237,1449.781,305.371,11085.017,112.201,254.045,4068.667,4023.526,-892.205,-3164.555,23529,28023
10312,百萬度,59000.263,17211.513,247.429,12933.429,6935.775,545.989,5451.666,3600.235,430.42,172.627,0,3.021,254.772,41788.75,38175.602,36149.832,1431.147,594.623,3613.148,0,37.469,1.606,249.846,3324.227,59000.263,19472.065,1652.088,335.211,11092.88,113.016,208.229,3421.876,2983.976,897.366,38630.832,22974,27196
10401,百萬度,20008.338,16752.711,248.593,12632.686,7050.746,358.406,5223.534,3474.366,397.066,176.334,0,4.56,216.172,3255.628,2876.113,2695.121,134.519,46.473,379.515,0,33.343,1.549,25.644,318.979,20008.338,19532.532,1539.047,328.613,11035.538,111.018,223.596,3456.633,3166.7,477.851,-2.045,22577,26824
10402,百萬度,17343.461,14414.145,233.05,10699.797,5803.018,495.853,4400.926,3129.473,351.825,204.271,0,4.24,143.314,2929.316,2564.954,2416.965,106.32,41.669,364.362,0,53.152,1.007,18.745,291.458,17343.461,17028.607,1341.773,302.781,9418.435,110.85,187.986,2917.585,3051.978,316.726,-1.872,21584,26997
10403,百萬度,20528.911,17130.23,241.244,13223.014,6788.317,710.881,5723.816,3285.078,380.893,238.726,0,4.361,137.807,3398.681,3034.354,2884.426,101.814,48.114,364.327,0,43.032,0.977,22.375,297.943,20528.911,19641.696,1541.021,309.024,11243.439,109.219,219.645,3409.78,3118.592,889.244,-2.029,23170,27778
10404,百萬度,20460.969,17314.715,230.56,14188.169,6950.327,804.802,6433.04,2574.142,321.843,196.475,0,5.466,119.902,3146.254,2802.379,2657.256,103.577,41.546,343.875,0,66.245,0.734,22.053,254.844,20460.969,19568.884,1521.831,294.304,11105.962,115.069,220.644,3453.255,3152.124,894.584,-2.499,24010,29159
10405,百萬度,22531.307,19199.556,272.235,16215.998,6897.032,1455.656,7863.31,2317.961,393.362,317.289,0,4.428,71.645,3331.751,2980.722,2821.684,121.8,37.238,351.028,0,75.35,0.447,21.742,253.49,22531.307,21059.681,1656.706,342.681,11701.474,117.651,253.762,4027.245,3302.844,1474.296,-2.67,25739,31527
10406,百萬度,24096.939,20543.201,268.859,16431.223,7388.356,1170.757,7872.11,3298.273,544.845,461.864,0,5.78,77.201,3553.738,3148.564,2989.809,116.846,41.91,405.174,0,93.245,0.193,20.345,291.391,24096.939,21322.342,1641.139,305.262,11516.045,121.689,242.545,4192.398,3608.525,2768.7,5.898,28793,34621
10407,百萬度,24722.974,21155.695,271.394,17037.465,7685.076,1231.168,8121.22,3414.02,432.816,327.285,0,5.043,100.488,3567.279,3150.393,2992.852,122.813,34.727,416.887,0,72.33,0.361,21.379,322.817,24722.974,23476.962,1700.496,304.919,12000.84,121.488,301.176,4714.833,4638.13,1248.417,-2.405,28685,35248
10408,百萬度,23604.177,19972.261,267.368,15559.699,7498.166,878.273,7183.26,3302.474,842.719,776.365,0,3.989,62.366,3631.917,3211.587,3051.874,120.048,39.665,420.329,0,93.244,0.18,14.422,312.483,23604.177,23487.595,1805.119,293.598,11690.882,122.174,275.061,4504.595,5089.764,118.426,-1.843,26890,33792
10409,百萬度,22029.566,18529.377,270.791,14200.595,6976.835,510.639,6713.121,3252.517,805.474,714.595,0,4.842,86.038,3500.189,3127.063,2987.838,111.738,27.487,373.126,0,59.488,0.488,20.795,292.354,22029.566,22517.833,1649.867,290.283,11239.278,114.562,258.362,4514.167,4741.598,-486.004,-2.264,25879,31518
10410,百萬度,22009.03,18664.275,251.397,14264.563,6464.318,774.996,7025.249,3437.257,711.058,558.51,0,4.556,147.993,3344.755,2998.194,2875.743,95.472,26.98,346.56,0,72.235,1.111,20.589,252.624,22009.03,21937.419,1567.267,308.222,11529.8,113.74,262.433,4271.024,4193.155,73.99,-2.379,25193,32167
10411,百萬度,20529.062,17357.244,236.092,13866.969,6709.973,1076.708,6080.288,2803.412,450.771,318.159,0,3.953,128.659,3171.819,2844.419,2717.887,88.714,37.817,327.4,0,73.785,0.929,18.043,234.643,20529.062,20710.392,1484.401,307.57,10956.21,115.996,245.69,4097.146,3810.95,-180.326,-1.003,24289,30090
10412,百萬度,20277.153,16963.55,243.373,14129.793,6999.274,1219.649,5910.87,2182.146,408.238,180.274,0,3.855,224.109,3313.603,2971.052,2834.767,97.71,38.576,342.55,0,59.746,1.567,20.072,261.166,20277.153,19735.339,1541.527,338.221,11262.594,118.283,226.183,3578.724,3008.03,550.849,-9.036,23097,27229
10501,百萬度,20071.932,16871.651,246.565,12886.05,6515.611,583.808,5786.631,3058.042,680.995,464.152,0,3.247,213.596,3200.28,2821.652,2671.58,102.83,47.242,378.629,0,61.939,1.499,16.765,298.425,20071.932,19171.057,1434.581,289.367,10830.794,111.755,212.28,3462.759,3118.887,904.133,-3.257,22929,27278
10502,百萬度,17703.507,14660.167,241.324,10410.458,5625.769,449.846,4334.843,3241.737,766.648,554.475,0,4.28,207.892,3043.34,2692.748,2539.984,126.48,26.285,350.592,0,43.504,1.21,16.227,289.65,17703.507,17002.828,1251.973,278.251,9498.577,111.24,191.807,2898.108,3051.123,659.241,41.437,21424,26744
10503,百萬度,20485.204,17332.835,258.671,12730.523,7329.382,332.372,5068.769,3366.039,977.602,837.772,0,4.05,135.78,3152.37,2779.571,2641.041,113.974,24.556,372.798,0,56.205,0.688,19.688,296.217,20485.204,19617.96,1510.735,299.687,11158.767,111.839,211.898,3312.328,3312.393,870.273,-3.029,23300,27567
10504,百萬度,20702.639,17795.144,261.331,13783.774,7150.428,549.297,6084.049,2861.817,888.222,826.875,0,4.936,56.412,2907.495,2575.049,2443.503,108.104,23.442,332.446,0,74.64,0.28,20.376,237.151,20702.639,19706.853,1471.237,251.273,11183.868,112.956,210.802,3464.27,3263.72,998.642,-2.856,24511,30301
10505,百萬度,23146.673,19988.755,285.404,16397.364,7564.68,999.365,7833.32,2684.934,621.052,548.741,0,5.863,66.448,3157.918,2793.654,2644.509,116.537,32.608,364.264,0,80.895,0.253,15.866,267.25,23146.673,21493.903,1622.169,297.903,11859.92,116.704,248.743,4146.927,3499.44,1656.126,-3.356,26700,34184
10506,百萬度,23957.366,20496.435,271.464,16973.384,7926.912,1096.362,7950.111,2590.551,661.036,582.646,0,5.615,72.775,3460.932,3024.423,2863.257,130.327,30.838,436.509,0,125.126,0.43,19.287,291.667,23957.366,22155.199,1648.303,295.624,11681.966,118.31,260.96,4320.208,4125.453,1805.805,-3.638,28644,35072
10507,百萬度,25294.613,21507.629,297.433,17894.495,8256.408,1092.089,8545.998,2623.417,692.283,614.21,0,6.277,71.796,3786.984,3350.47,3183.069,130.366,37.036,436.514,0,108.854,0.287,15.378,311.995,25294.613,23587.249,1725.196,322.956,12185.624,125.291,285.227,4641.708,4624.202,1711.149,-3.785,29246,35864
10508,百萬度,25142.327,21427.046,293.118,18023.425,8097.434,1165.173,8760.818,2668.213,442.29,403.119,0,5.699,33.471,3715.281,3275.114,3105.073,125.082,44.96,440.167,0,110.53,0.172,13.034,316.43,25142.327,24048.263,1756.596,361.127,12107.832,126.849,290.035,4677.312,5089.639,1097.815,-3.75,29322,35333
10509,百萬度,22359.312,18846.01,255.467,15501.28,7735.495,706.202,7059.583,2410.308,678.956,574.245,0,4.585,100.126,3513.301,3088.366,2920.65,128.395,39.321,424.936,0,115.871,0.46,16.414,292.19,22359.312,23268.788,1625.673,313.151,11315.331,117.241,277.379,4677.535,5255.63,-901.595,-7.882,26617,33335
10510,百萬度,23312.273,20064.415,329.579,16727.916,7625.308,1382.14,7720.468,2161.745,845.174,725.541,0,5.3,114.333,3247.858,2893.424,2733.951,110.204,49.269,354.435,0,86.584,0.47,17.86,249.52,23312.273,22930.638,1692.872,375.355,11938.774,118.949,253.614,4393.59,4532.838,384.996,-3.361,26899,32745
10511,百萬度,20942.659,17973.216,283.785,15190.94,7295.882,1245.332,6649.725,2081.942,416.549,253.532,0,4.454,158.563,2969.443,2628.56,2477.369,103.087,48.104,340.883,0,78.514,0.923,17.114,244.333,20942.659,21695.017,1582.415,347.979,11416.903,115.969,248.529,4193.321,4137.88,-748.953,-3.405,24809,29557
10512,百萬度,20989.152,17608.32,269.524,15026.205,7058.351,845.938,7121.915,1912.618,399.973,176.733,0,4.889,218.352,3380.832,2953.665,2806.745,117.189,29.73,427.167,0,107.147,0.884,17.412,301.724,20989.152,20742.296,1592.954,358.971,11711.715,115.129,231.452,3769.88,3321.165,246.931,-0.076,23839,28472
10601,百萬度,20075.423,16844.616,269.689,14265.281,7066.934,759.203,6439.144,1889.489,420.157,190.453,0,6.58,223.123,3230.807,2817.145,2680.523,103.507,33.116,413.662,0,76.414,1.081,18.222,317.944,20075.423,19613.936,1491.069,356.041,11032.826,117.32,214.441,3563.731,3194.548,412.189,49.299,22678,27923
10602,百萬度,18481.72,15523.673,228.929,13057.641,6931.585,818.017,5308.039,1760.018,477.085,262.57,0,6.484,208.031,2958.048,2582.677,2468.585,85.068,29.025,375.37,0,89.291,0.926,17.017,268.137,18481.72,18314.92,1371.834,300.85,10294.537,109.325,215.781,3151.392,3172.052,160.322,6.479,23099,28058
10603,百萬度,21092.885,18007.594,254.846,15321.019,8172.303,769.649,6379.067,1946.698,485.032,332.015,0,7.389,145.628,3085.291,2678.138,2558.344,79.807,39.987,407.154,0,105.513,0.705,15.459,285.477,21092.885,20189.295,1592.659,341.817,11626.016,119.848,211.487,3389.918,3249.367,905.662,-2.072,24096,28117
10604,百萬度,20747.339,17808.702,272.835,15797.552,8455.833,1134.429,6207.29,1300.292,438.023,329.372,0,8.222,100.428,2938.637,2558.793,2428.53,82.234,48.029,379.844,0,129.574,0.549,9.497,240.223,20747.339,20002.047,1603.797,342.742,11312.304,120.091,235.327,3523.622,3206.905,747.443,-2.151,24534,30981
10605,百萬度,23035.788,19839.312,280.5,17834.727,8576.951,1126.994,8130.782,1083.267,640.819,567.075,0,8.647,65.097,3196.476,2766.877,2646.243,97.109,23.525,429.599,0,141.599,0.268,16.933,270.799,23035.788,21552.123,1662.499,296.245,12064.884,125.407,246.195,4030.108,3423.03,1485.933,-2.268,26410,32721
10606,百萬度,24000.31,20632.182,257.331,17723.765,8690.963,796.077,8236.726,1499.278,1151.808,1067.642,0,8.103,76.063,3368.127,2926.246,2779.054,103.355,43.837,441.882,0,148.641,0.253,15.173,277.816,24000.31,21960.178,1761.909,329.832,11953.448,122.914,258.017,4188.76,3675.131,2042.205,-2.074,28650,35244
10607,百萬度,25705.977,22108.404,298.838,18958.276,8816.178,1083.257,9058.841,2105.131,746.159,701.398,0,9.35,35.411,3597.573,3121.513,2965.066,89.748,66.698,476.061,0,162.283,0.132,15.594,298.052,25705.977,23696.392,1799.218,342.207,12493.992,127.191,286.576,4609.488,4379.927,2011.982,-2.397,29714,36027
10608,百萬度,26358.927,22704.864,338.768,19509.162,8562.615,1448.759,9497.788,2205.77,651.165,572.228,0,9.669,69.267,3654.063,3174.783,3015.14,86.224,73.419,479.28,0,165.64,0.379,11.933,301.329,26358.927,24380.174,1856.37,398.591,12625.753,132.929,284.286,4623.706,4857.13,1981.211,-2.458,30659,36259
10609,百萬度,24826.691,21259.481,317.733,18433.12,8203.374,1144.099,9085.646,2120.57,388.059,334.963,0,9.06,44.036,3567.21,3111.968,2959.721,102.899,49.349,455.242,0,147.563,0.227,15.649,291.803,24826.691,24303.045,1792.328,398.591,12090.047,124.108,283.763,4780.328,5232.471,524.63,-0.984,29920,36042
10610,百萬度,23480.213,20243.488,297.951,17058.962,8204.082,1132.418,7722.462,2199.612,686.963,435.014,0,8.148,243.801,3236.725,2823.278,2695.158,89.47,38.65,413.448,0,151.192,1.373,16.114,244.769,23480.213,24066.114,1738.276,393.351,12194.342,127.341,303.674,4575.408,5127.074,-583.821,-2.08,27061,35646
10611,百萬度,21371.155,18456.576,271.918,15454.648,7355.053,696.245,7403.351,2144.605,585.405,348.581,0,6.221,230.602,2914.58,2515.042,2397.152,76.946,40.945,399.538,0,136.235,1.097,16.577,245.63,21371.155,22474.031,1614.401,351.052,11698.84,118.593,259.148,4215.872,4567.178,-1099.719,-3.156,25397,30576
10612,百萬度,21079.977,17982.073,244.339,14962.877,6784.05,686.184,7492.643,2190.802,584.056,305.502,0,6.039,272.515,3097.904,2658.287,2533.626,97.519,27.142,439.617,0,119.597,1.467,19.531,299.022,21079.977,20842.393,1568.245,326.786,11724.601,118.694,238.287,3665.106,3527.46,239.265,-1.681,24108,28242
10701,百萬度,21430.119,18081.757,245.56,14887.946,7092.126,549.032,7246.789,2226.158,722.092,491.072,0,6.337,224.683,3348.363,2886.87,2746.967,104.814,35.088,461.493,0,105.724,1.311,18.641,335.817,21430.119,20695.063,1475.312,327.402,12188.576,115.882,211.795,3406.59,3296.908,770.304,-35.248,24332,28427
10702,百萬度,18588.306,15484.753,242.889,12550.39,5948.864,519.729,6081.797,2004.853,686.622,471.924,0,5.967,208.731,3103.552,2680.128,2543.115,107.837,29.175,423.425,0,111.329,1.236,10.441,300.418,18588.306,18072.773,1299.08,297.655,10413.638,107.96,194.863,2866.545,3190.688,520.425,-4.892,23174,28737
10703,百萬度,21746.292,18327.865,255.081,15328.019,6769.191,691.824,7867.004,2225.543,519.222,379.173,0,9.732,130.316,3418.427,2934.986,2775.698,117.691,41.597,483.441,0,167.794,0.574,18.764,296.31,21746.292,21128.042,1508.065,309.609,12295.864,121.009,220.412,3498.617,3484.076,599.309,18.941,24624,29160
10704,百萬度,21535.147,18032.526,263.867,15908.022,7393.407,682.329,7832.286,1482.959,377.678,302.505,0,9.01,66.164,3502.621,3039.828,2875.89,127.088,36.85,462.793,0,200.607,0.415,13.993,247.777,21535.147,20919.623,1519.899,337.481,12077.523,122.216,230.177,3539.025,3430.782,642.546,-27.022,25180,31305
10705,百萬度,25063.988,21082.196,307.298,18591.13,8971.85,915.236,8704.044,1812.509,371.259,291.771,0,10.479,69.009,3981.793,3455.263,3286.557,128.726,39.98,526.53,0,235.426,0.338,14.003,276.764,25063.988,22776.833,1716.532,384.043,13120.224,127.409,249.634,4135.603,3427.432,2332.511,-45.355,28706,36320
10706,百萬度,24600.366,20665.789,273.722,17457.743,8774.785,706.228,7976.73,2565.615,368.71,265.271,0,9.128,94.31,3934.577,3357.073,3193.765,125.982,37.326,577.504,0,262.182,0.149,15.338,299.835,24600.366,22866.617,1676.596,360.38,12619.752,124.303,277.093,4282.89,3885.984,1757.855,-24.106,29143,36075
10707,百萬度,24919.74,20933.489,325.955,17250.567,8511.031,509.873,8229.663,2873.69,483.276,396.375,0,13.523,73.379,3986.252,3415.469,3252.166,114.854,48.449,570.783,0.001,242.345,0.285,16.406,311.747,24919.74,24636.472,1811.982,361.375,13117.088,128.677,275.029,4574.337,4729.359,1406.252,-1122.984,29933,36717
10708,百萬度,25975.501,22082.236,301.665,18414.504,9423.98,501.338,8489.185,2932.9,433.168,378.448,0,8.547,46.173,3893.265,3274.665,3111.736,119.599,43.33,618.6,0.001,285.771,0.148,11.437,321.243,25975.501,24914.439,1756.872,356.159,13237.014,128.393,286.848,4549.989,4955.325,1085.215,-24.154,29820,37057
10709,百萬度,24254.226,20511.909,303.732,16675.213,8972.415,399.226,7303.572,2842.144,690.82,549.59,0,9.969,131.262,3742.317,3155.878,2999.293,116.71,39.874,586.44,0,260.001,0.534,14.439,311.467,24254.226,24448.181,1657.433,335.67,12686.867,123.181,272.629,4573.068,5135.003,-174.499,-19.455,28558,35189
10710,百萬度,22882.739,19250.481,292.088,15825.498,8131.37,329.035,7365.093,2446.793,686.103,454.1,0,10.005,221.998,3632.258,3063.438,2909.684,110.486,43.268,568.819,0,265.381,1.277,16.303,285.858,22882.739,23385.06,1628.671,365.394,12735.282,122.747,259.848,4159.774,4478.739,-482.676,-19.646,25936,31194
10711,百萬度,22916.841,19418.218,278.103,16547.981,8428.704,423.295,7695.982,2131.602,460.532,311.019,0,7.678,141.834,3498.623,2970.085,2828.217,102.172,39.695,528.538,0,239.173,0.982,15.103,273.28,22916.841,21949.041,1541.887,354.732,12256.718,121.668,244.403,3935.318,3849.047,-117.38,1085.18,25529,31127
10712,百萬度,21635.666,18108.275,280.814,15214.532,7554.463,523.491,7136.578,2137.642,475.287,190.338,0,15.58,269.37,3527.391,2962.065,2793.799,116.062,52.204,565.327,0,220.349,22.367,16.525,306.087,21635.666,20775.691,1585.641,365.409,12212.389,125.221,238.097,3598.377,3015.967,860.581,-0.606,24360,29791
10801,百萬度,21526.374,18063.851,266.444,14606.048,6785.786,395.43,7424.831,2708.731,482.628,246.155,0,14.92,221.553,3462.523,2920.355,2771.752,99.975,48.627,542.168,0,185.615,1.401,20.212,334.94,21526.374,20846.88,1534.303,354.807,12201.001,121.301,218.993,3500.373,3270.909,728.858,-49.364,24369,28437
10802,百萬度,18434.532,15203.017,243.313,11845.8,5733.617,316.36,5795.823,2695.525,418.379,235.942,0,18.082,164.355,3231.516,2696.973,2563.079,100.661,33.233,534.543,0,231.31,1.055,16.176,286.003,18434.532,18354.261,1380.933,321.741,10325.113,116.455,218.914,3119.378,3193.468,81.709,-1.437,22880,28750
10803,百萬度,21724.231,18312.122,268.625,14641.722,7360.31,441.739,6839.673,2961.542,440.233,298.491,0,15.088,126.654,3412.109,2829.664,2679.052,116.986,33.626,582.446,0,259.315,0.771,16.363,305.997,21724.231,20853.683,1634.253,358.916,12158.702,123.057,219.126,3436.27,3282.275,910.389,-39.841,24592,30383
10804,百萬度,21929.508,18747.083,274.363,15674.911,7530.675,481.916,7662.32,2341.947,455.862,344.569,0,19.186,92.107,3182.425,2620.948,2485.218,106.404,29.326,561.478,0.139,273.253,13.925,15.837,258.323,21929.508,20715.772,1575.481,335.24,12007.773,123.916,229.448,3570.399,3208.756,1230.892,-17.155,25894,32913
10805,百萬度,23558.193,19956.982,278.43,16435.471,8843.463,321.3,7270.707,2332.343,910.738,809.042,0,15.582,86.114,3601.211,2975.293,2834.745,108.258,32.289,625.918,0.019,325.724,1.104,16.126,282.946,23558.193,22464.079,1737.17,344.432,12776.631,125.387,253.138,4046.098,3525.656,1121.831,-27.717,26834,33414
10806,百萬度,24224.288,20510.574,291.586,16380.289,9236.164,300.087,6844.038,2859.82,978.879,882.77,0,28.236,67.873,3713.713,3075.007,2924.802,113.193,37.012,638.706,0.063,318.82,0.464,13.73,305.629,24224.288,22768.453,1718.106,331.457,12364.342,124.814,261.801,4202.242,4097.147,1489.197,-33.362,28657,35925
10807,百萬度,26426.367,22334.621,305.146,18446.405,9491.335,341.489,8613.581,2927.579,655.491,536.693,0,29.814,88.985,4091.746,3396.708,3253.447,103.18,40.081,695.038,0.039,350.813,1.404,15.365,327.417,26426.367,24141.677,1762.69,314.269,13178.084,130.787,267.759,4441.092,4361.264,2319.486,-34.797,30337,37067
10808,百萬度,26284.967,22247.762,280.556,18116.737,9948.026,313.942,7854.769,2922.068,928.402,823.39,0,21.984,83.028,4037.204,3318.498,3197.52,81.921,39.056,718.707,0.062,376.253,0.541,10.823,331.028,26284.967,24838.603,1811.451,362.879,13191.659,129.112,293.425,4527.565,4885.39,1476.404,-30.04,30132,37022
10809,百萬度,23510.601,19689.33,254.196,15856.496,8221.073,244.813,7390.61,2862.321,716.316,536.638,0,28.789,150.89,3821.272,3130.643,3029.626,61.675,39.343,690.629,0.1,376.049,0.702,8.155,305.622,23510.601,24172.274,1576.774,296.402,12281.082,124.684,288.041,4496.29,5405.403,-619.762,-41.91,27980,35484
10810,百萬度,23380.576,19508.34,262.629,16020.018,7460.333,272.821,8286.864,2564.313,661.38,401.994,0,35.696,223.689,3872.237,3197.541,3056.642,83.42,57.479,674.695,0.118,387.188,2.914,6.152,278.323,23380.576,23680.605,1683.106,326.563,12654.815,129.6,283.706,4175.842,4753.536,-222.778,-77.251,26654,33572
10811,百萬度,21404.026,17797.266,238.123,14795.236,5622.496,466.487,8706.253,2174.783,589.124,265.257,0,22.441,301.426,3606.76,2946.854,2834.999,78.765,33.09,659.906,0.086,359.524,3.99,9.454,286.851,21404.026,22006.032,1564.296,313.766,12120.508,120.604,269.605,3837.688,4093.332,-513.145,-88.862,25213,30287
10812,百萬度,21655.01,18148.12,244.69,14479.231,5815.102,661.483,8002.646,2972.462,451.737,163.856,0,31.615,256.266,3506.89,2872.884,2754.571,79.716,38.597,634.006,0.129,289.045,1.021,16.082,327.73,21655.01,20745.492,1596.061,324.71,12283.197,123.201,241.306,3389.378,3112.348,980.938,-71.419,24572,28680
10901,百萬度,20643.536,17101.809,248.642,13470.771,5810.571,306.925,7353.275,2976.718,405.678,194.397,0,26.616,184.664,3541.727,2902.96,2791.65,77.728,33.582,638.767,0.043,276.886,0.562,14.046,347.23,20643.536,19965.522,1548.457,326.082,11672.959,124.206,219.354,3236.952,3163.594,682.761,-4.747,23229,28627
10902,百萬度,20344.535,17052.545,225.771,13810.833,5994.429,262.689,7553.714,2538.982,476.959,239.598,0,47.996,189.365,3291.989,2587.902,2476.291,70.263,41.348,704.087,0.143,387.063,1,12.796,303.086,20344.535,20072.17,1488.93,288.269,11531.694,113.576,251.186,3194.319,3492.465,305.596,-33.232,24802,29603
10903,百萬度,22048.018,18661.093,239.256,15675.642,7002.089,247.44,8426.112,2230.355,515.841,245.775,0,107.609,162.456,3386.925,2722.786,2602.367,85.062,35.358,664.139,0.097,355.384,0.595,17.61,290.451,22048.021,21283.067,1617.931,315.448,12408.55,121.118,228.736,3302.08,3604.652,803.693,-38.739,25276,30993
10904,百萬度,20956.203,17640.139,225.731,14702.044,7093.606,168.515,7439.923,2269.259,443.104,218.336,0,47.402,177.367,3316.065,2587.678,2461.263,93.072,33.343,728.387,0.437,438.098,18.746,15.113,255.992,20956.205,20349.737,1560.001,287.771,11784.673,116.854,250.382,3279.056,3358.771,620.17,-13.701,24752,29749
10905,百萬度,23836.25,20236.99,238.309,17273.833,8456.465,188.31,8629.058,2272.01,452.837,312.158,0,55.764,84.915,3599.26,2854.366,2740.162,81.819,32.385,744.894,0.131,461.937,1.187,14.027,267.613,23836.257,21898.766,1621.3,314.453,12515.257,116.362,262.934,3772.138,3610.776,1979.106,-41.615,27415,33428
10906,百萬度,25253.74,21362.643,279.188,17656.656,8934.946,204.523,8517.188,2851.93,574.868,359.522,0,65.56,149.786,3891.097,3110.963,3001.879,64.364,44.72,780.134,0.167,480.063,0.748,10.926,288.23,25253.743,22930.517,1616.843,305.822,12560.277,123.749,285.064,4093.64,4250.944,2379.186,-55.959,30115,36783
10907,百萬度,27112.233,23026.982,304.075,19329.093,10019.072,324.131,8985.89,2932.568,461.246,278.629,0,75.783,106.834,4085.25,3206.455,3055.204,113.07,38.18,878.796,0.165,543.838,0.218,12.727,321.847,27112.235,25457.26,1759.366,357.677,13284.1,130.864,331.831,4686.166,5264.933,1745.092,-90.116,31450,37715
10908,百萬度,26266.364,22291.532,310.097,18713.522,9774.131,290.173,8649.218,2918.151,349.762,208.822,0,73.684,67.256,3974.833,3147.398,3011.434,112.407,23.557,827.434,0.152,508.627,0.226,6.919,311.51,26266.365,25223.616,1770.53,382.161,13096.329,131.947,302.157,4386.55,5536.103,1114.836,-72.087,30579,36937
10909,百萬度,24877.315,20919.437,282.376,17451.955,9201.451,318.372,7932.132,2773.929,411.178,224.206,0,76.126,110.847,3957.877,3171.471,3050.504,92.63,28.338,786.406,0.178,470.525,0.339,8.83,306.535,24877.368,25351.221,1686.975,367.13,12952.252,127.744,324.802,4641.249,5618.2,-398.035,-75.818,29838,36603
10910,百萬度,23566.021,19772.621,297.672,15787.345,7180.25,234.773,8372.323,2953.921,733.683,303.852,0,65.612,364.219,3793.4,2961.576,2819.6,113.026,28.951,831.824,0.192,541.458,1.787,14.902,273.484,23566.077,24031.219,1585.343,332.61,12993.62,127.643,292.883,4065.519,4966.212,-456.271,-8.871,26961,33207
10911,百萬度,22442.647,18800.876,250.323,15342.604,6465.156,229.883,8647.564,2627.218,580.731,204.975,0,61.612,314.144,3641.772,2822.848,2694.272,97.633,30.942,818.924,0.142,520.876,1.943,14.305,281.658,22442.735,22637.851,1511.742,323.475,12750.587,122.835,272.615,3861.963,4118.109,-140.821,-54.295,26521,32468
10912,百萬度,22445.83,18842.945,257.477,15857.345,6533.186,361.829,8962.331,2095.203,632.92,231.111,0,53.461,348.349,3602.885,2925.983,2785.625,103.768,36.591,676.901,0.064,343.816,1.736,16.474,314.812,22445.925,21892.812,1533.862,341.899,13043.454,123.657,251.29,3718.236,3222.313,846.704,-293.59,25455,29737
